Record 1 of 700 | husavik,"http://api.openweathermap.org/data/2.5/weather?APPID=7000bf4dfa565802d1a0bc7afae50bec&units=imperial&q=husavik,is"
Record 2 of 700 | panama city,"http://api.openweathermap.org/data/2.5/weather?APPID=7000bf4dfa565802d1a0bc7afae50bec&units=imperial&q=panama city,us"
Record 3 of 700 | saint-augustin,"http://api.openweathermap.org/data/2.5/weather?APPID=7000bf4dfa565802d1a0bc7afae50bec&units=imperial&q=saint-augustin,ca"
Record 4 of 700 | cayenne,"http://api.openweathermap.org/data/2.5/weather?APPID=7000bf4dfa565802d1a0bc7afae50bec&units=imperial&q=cayenne,gf"
Record 5 of 700 | cherskiy,"http://api.openweathermap.org/data/2.5/weather?APPID=7000bf4dfa565802d1a0bc7afae50bec&units=imperial&q=cherskiy,ru"
Record 7 of 700 | solnechnyy,"http://api.openweathermap.org/data/2.5/weather?APPID=7000bf4dfa565802d1a0bc7afae50bec&units=imperial&q=solnechnyy,ru"
Record 10 of 700 | buluang,"http://api.openweathermap.org/data/2.5/weather?APPID=7000bf4dfa565802d1a0bc7afae50bec&units=imperial&q=buluang,ph"
Record 11 of 700 | eyemouth,"http://api.openweathermap.org/data/2.5/weather?APPID=7000bf4dfa565802d1a0bc7afae50bec&units=imperial&q=eyemouth,gb"
Record 13 of 700 | albany,"http://api.openweathermap.org/data/2.5/weather?APPID=7000bf4dfa565802d1a0bc7afae50bec&units=imperial&q=albany,au"
Record 14 of 700 | cherskiy,"http://api.openweathermap.org/data/2.5/weather?APPID=7000bf4dfa565802d1a0bc7afae50bec&units=imperial&q=cherskiy,ru"
Record 15 of 700 | ribeira grande,"http://api.openweathermap.org/data/2.5/weather?APPID=7000bf4dfa565802d1a0bc7afae50bec&units=imperial&q=ribeira grande,pt"
Record 16 of 700 | carnarvon,"http://api.openweathermap.org/data/2.5/weather?APPID=7000bf4dfa565802d1a0bc7afae50bec&units=imperial&q=carnarvon,au"
Record 17 of 700 | egvekinot,"http://api.openweathermap.org/data/2.5/weather?APPID=7000bf4dfa565802d1a0bc7afae50bec&units=imperial&q=egvekinot,ru"
Record 18 of 700 | chokurdakh,"http://api.openweathermap.org/data/2.5/weather?APPID=7000bf4dfa565802d1a0bc7afae50bec&units=imperial&q=chokurdakh,ru"
Record 19 of 700 | saint george,"http://api.openweathermap.org/data/2.5/weather?APPID=7000bf4dfa565802d1a0bc7afae50bec&units=imperial&q=saint george,bm"
Record 20 of 700 | fairbanks,"http://api.openweathermap.org/data/2.5/weather?APPID=7000bf4dfa565802d1a0bc7afae50bec&units=imperial&q=fairbanks,us"
Record 21 of 700 | ushuaia,"http://api.openweathermap.org/data/2.5/weather?APPID=7000bf4dfa565802d1a0bc7afae50bec&units=imperial&q=ushuaia,ar"
Record 22 of 700 | albany,"http://api.openweathermap.org/data/2.5/weather?APPID=7000bf4dfa565802d1a0bc7afae50bec&units=imperial&q=albany,au"
Record 23 of 700 | lebu,"http://api.openweathermap.org/data/2.5/weather?APPID=7000bf4dfa565802d1a0bc7afae50bec&units=imperial&q=lebu,cl"
Record 24 of 700 | port alfred,"http://api.openweathermap.org/data/2.5/weather?APPID=7000bf4dfa565802d1a0bc7afae50bec&units=imperial&q=port alfred,za"
Record 25 of 700 | kahului,"http://api.openweathermap.org/data/2.5/weather?APPID=7000bf4dfa565802d1a0bc7afae50bec&units=imperial&q=kahului,us"
Record 26 of 700 | butaritari,"http://api.openweathermap.org/data/2.5/weather?APPID=7000bf4dfa565802d1a0bc7afae50bec&units=imperial&q=butaritari,ki"
Record 27 of 700 | brae,"http://api.openweathermap.org/data/2.5/weather?APPID=7000bf4dfa565802d1a0bc7afae50bec&units=imperial&q=brae,gb"
Record 28 of 700 | luderitz,"http://api.openweathermap.org/data/2.5/weather?APPID=7000bf4dfa565802d1a0bc7afae50bec&units=imperial&q=luderitz,na"
Record 29 of 700 | chokurdakh,"http://api.openweathermap.org/data/2.5/weather?APPID=7000bf4dfa565802d1a0bc7afae50bec&units=imperial&q=chokurdakh,ru"
Record 30 of 700 | ostrovnoy,"http://api.openweathermap.org/data/2.5/weather?APPID=7000bf4dfa565802d1a0bc7afae50bec&units=imperial&q=ostrovnoy,ru"
Record 32 of 700 | ushuaia,"http://api.openweathermap.org/data/2.5/weather?APPID=7000bf4dfa565802d1a0bc7afae50bec&units=imperial&q=ushuaia,ar"
Record 33 of 700 | leningradskiy,"http://api.openweathermap.org/data/2.5/weather?APPID=7000bf4dfa565802d1a0bc7afae50bec&units=imperial&q=leningradskiy,ru"
Record 34 of 700 | bima,"http://api.openweathermap.org/data/2.5/weather?APPID=7000bf4dfa565802d1a0bc7afae50bec&units=imperial&q=bima,id"
Record 35 of 700 | punta arenas,"http://api.openweathermap.org/data/2.5/weather?APPID=7000bf4dfa565802d1a0bc7afae50bec&units=imperial&q=punta arenas,cl"
Record 36 of 700 | petropavlovka,"http://api.openweathermap.org/data/2.5/weather?APPID=7000bf4dfa565802d1a0bc7afae50bec&units=imperial&q=petropavlovka,ru"
Record 37 of 700 | punta arenas,"http://api.openweathermap.org/data/2.5/weather?APPID=7000bf4dfa565802d1a0bc7afae50bec&units=imperial&q=punta arenas,cl"
Record 38 of 700 | ushuaia,"http://api.openweathermap.org/data/2.5/weather?APPID=7000bf4dfa565802d1a0bc7afae50bec&units=imperial&q=ushuaia,ar"
Record 39 of 700 | punta arenas,"http://api.openweathermap.org/data/2.5/weather?APPID=7000bf4dfa565802d1a0bc7afae50bec&units=imperial&q=punta arenas,cl"
Record 40 of 700 | northam,"http://api.openweathermap.org/data/2.5/weather?APPID=7000bf4dfa565802d1a0bc7afae50bec&units=imperial&q=northam,au"
Record 41 of 700 | mitsamiouli,"http://api.openweathermap.org/data/2.5/weather?APPID=7000bf4dfa565802d1a0bc7afae50bec&units=imperial&q=mitsamiouli,km"
Record 42 of 700 | atuona,"http://api.openweathermap.org/data/2.5/weather?APPID=7000bf4dfa565802d1a0bc7afae50bec&units=imperial&q=atuona,pf"
Record 43 of 700 | albany,"http://api.openweathermap.org/data/2.5/weather?APPID=7000bf4dfa565802d1a0bc7afae50bec&units=imperial&q=albany,au"
Record 45 of 700 | busselton,"http://api.openweathermap.org/data/2.5/weather?APPID=7000bf4dfa565802d1a0bc7afae50bec&units=imperial&q=busselton,au"
Record 46 of 700 | arraial do cabo,"http://api.openweathermap.org/data/2.5/weather?APPID=7000bf4dfa565802d1a0bc7afae50bec&units=imperial&q=arraial do cabo,br"
Record 47 of 700 | arraial do cabo,"http://api.openweathermap.org/data/2.5/weather?APPID=7000bf4dfa565802d1a0bc7afae50bec&units=imperial&q=arraial do cabo,br"
Record 48 of 700 | los llanos de aridane,"http://api.openweathermap.org/data/2.5/weather?APPID=7000bf4dfa565802d1a0bc7afae50bec&units=imperial&q=los llanos de aridane,es"
Record 50 of 700 | butaritari,"http://api.openweathermap.org/data/2.5/weather?APPID=7000bf4dfa565802d1a0bc7afae50bec&units=imperial&q=butaritari,ki"
Record 51 of 700 | east london,"http://api.openweathermap.org/data/2.5/weather?APPID=7000bf4dfa565802d1a0bc7afae50bec&units=imperial&q=east london,za"
Record 52 of 700 | shahrud,"http://api.openweathermap.org/data/2.5/weather?APPID=7000bf4dfa565802d1a0bc7afae50bec&units=imperial&q=shahrud,ir"
Record 53 of 700 | hobart,"http://api.openweathermap.org/data/2.5/weather?APPID=7000bf4dfa565802d1a0bc7afae50bec&units=imperial&q=hobart,au"
Record 54 of 700 | nasice,"http://api.openweathermap.org/data/2.5/weather?APPID=7000bf4dfa565802d1a0bc7afae50bec&units=imperial&q=nasice,hr"
Record 55 of 700 | yellowknife,"http://api.openweathermap.org/data/2.5/weather?APPID=7000bf4dfa565802d1a0bc7afae50bec&units=imperial&q=yellowknife,ca"
Record 56 of 700 | cidreira,"http://api.openweathermap.org/data/2.5/weather?APPID=7000bf4dfa565802d1a0bc7afae50bec&units=imperial&q=cidreira,br"
Record 57 of 700 | georgetown,"http://api.openweathermap.org/data/2.5/weather?APPID=7000bf4dfa565802d1a0bc7afae50bec&units=imperial&q=georgetown,sh"
Record 58 of 700 | talnakh,"http://api.openweathermap.org/data/2.5/weather?APPID=7000bf4dfa565802d1a0bc7afae50bec&units=imperial&q=talnakh,ru"
Record 59 of 700 | black river,"http://api.openweathermap.org/data/2.5/weather?APPID=7000bf4dfa565802d1a0bc7afae50bec&units=imperial&q=black river,jm"
Record 61 of 700 | pachino,"http://api.openweathermap.org/data/2.5/weather?APPID=7000bf4dfa565802d1a0bc7afae50bec&units=imperial&q=pachino,it"
Record 62 of 700 | ilulissat,"http://api.openweathermap.org/data/2.5/weather?APPID=7000bf4dfa565802d1a0bc7afae50bec&units=imperial&q=ilulissat,gl"
Record 63 of 700 | vaini,"http://api.openweathermap.org/data/2.5/weather?APPID=7000bf4dfa565802d1a0bc7afae50bec&units=imperial&q=vaini,to"
Record 64 of 700 | puksoozero,"http://api.openweathermap.org/data/2.5/weather?APPID=7000bf4dfa565802d1a0bc7afae50bec&units=imperial&q=puksoozero,ru"
Record 65 of 700 | saskylakh,"http://api.openweathermap.org/data/2.5/weather?APPID=7000bf4dfa565802d1a0bc7afae50bec&units=imperial&q=saskylakh,ru"
Record 66 of 700 | castro,"http://api.openweathermap.org/data/2.5/weather?APPID=7000bf4dfa565802d1a0bc7afae50bec&units=imperial&q=castro,cl"
Record 68 of 700 | busselton,"http://api.openweathermap.org/data/2.5/weather?APPID=7000bf4dfa565802d1a0bc7afae50bec&units=imperial&q=busselton,au"
Record 69 of 700 | formosa do rio preto,"http://api.openweathermap.org/data/2.5/weather?APPID=7000bf4dfa565802d1a0bc7afae50bec&units=imperial&q=formosa do rio preto,br"
Record 70 of 700 | tuktoyaktuk,"http://api.openweathermap.org/data/2.5/weather?APPID=7000bf4dfa565802d1a0bc7afae50bec&units=imperial&q=tuktoyaktuk,ca"
Record 71 of 700 | northam,"http://api.openweathermap.org/data/2.5/weather?APPID=7000bf4dfa565802d1a0bc7afae50bec&units=imperial&q=northam,au"
Record 72 of 700 | cabo san lucas,"http://api.openweathermap.org/data/2.5/weather?APPID=7000bf4dfa565802d1a0bc7afae50bec&units=imperial&q=cabo san lucas,mx"
Record 73 of 700 | busselton,"http://api.openweathermap.org/data/2.5/weather?APPID=7000bf4dfa565802d1a0bc7afae50bec&units=imperial&q=busselton,au"
Record 74 of 700 | naze,"http://api.openweathermap.org/data/2.5/weather?APPID=7000bf4dfa565802d1a0bc7afae50bec&units=imperial&q=naze,jp"
Record 75 of 700 | lebu,"http://api.openweathermap.org/data/2.5/weather?APPID=7000bf4dfa565802d1a0bc7afae50bec&units=imperial&q=lebu,cl"
Record 77 of 700 | tuatapere,"http://api.openweathermap.org/data/2.5/weather?APPID=7000bf4dfa565802d1a0bc7afae50bec&units=imperial&q=tuatapere,nz"
Record 79 of 700 | new norfolk,"http://api.openweathermap.org/data/2.5/weather?APPID=7000bf4dfa565802d1a0bc7afae50bec&units=imperial&q=new norfolk,au"
Record 80 of 700 | busselton,"http://api.openweathermap.org/data/2.5/weather?APPID=7000bf4dfa565802d1a0bc7afae50bec&units=imperial&q=busselton,au"
Record 81 of 700 | lakes entrance,"http://api.openweathermap.org/data/2.5/weather?APPID=7000bf4dfa565802d1a0bc7afae50bec&units=imperial&q=lakes entrance,au"
Record 82 of 700 | nemuro,"http://api.openweathermap.org/data/2.5/weather?APPID=7000bf4dfa565802d1a0bc7afae50bec&units=imperial&q=nemuro,jp"
Record 84 of 700 | buala,"http://api.openweathermap.org/data/2.5/weather?APPID=7000bf4dfa565802d1a0bc7afae50bec&units=imperial&q=buala,sb"
Record 86 of 700 | bluff,"http://api.openweathermap.org/data/2.5/weather?APPID=7000bf4dfa565802d1a0bc7afae50bec&units=imperial&q=bluff,nz"
Record 87 of 700 | port elizabeth,"http://api.openweathermap.org/data/2.5/weather?APPID=7000bf4dfa565802d1a0bc7afae50bec&units=imperial&q=port elizabeth,za"
Record 88 of 700 | cabo san lucas,"http://api.openweathermap.org/data/2.5/weather?APPID=7000bf4dfa565802d1a0bc7afae50bec&units=imperial&q=cabo san lucas,mx"
Record 89 of 700 | artsyz,"http://api.openweathermap.org/data/2.5/weather?APPID=7000bf4dfa565802d1a0bc7afae50bec&units=imperial&q=artsyz,ua"
Record 90 of 700 | hermanus,"http://api.openweathermap.org/data/2.5/weather?APPID=7000bf4dfa565802d1a0bc7afae50bec&units=imperial&q=hermanus,za"
Record 91 of 700 | ushuaia,"http://api.openweathermap.org/data/2.5/weather?APPID=7000bf4dfa565802d1a0bc7afae50bec&units=imperial&q=ushuaia,ar"
Record 92 of 700 | touros,"http://api.openweathermap.org/data/2.5/weather?APPID=7000bf4dfa565802d1a0bc7afae50bec&units=imperial&q=touros,br"
Record 93 of 700 | dikson,"http://api.openweathermap.org/data/2.5/weather?APPID=7000bf4dfa565802d1a0bc7afae50bec&units=imperial&q=dikson,ru"
Record 94 of 700 | bathsheba,"http://api.openweathermap.org/data/2.5/weather?APPID=7000bf4dfa565802d1a0bc7afae50bec&units=imperial&q=bathsheba,bb"
Record 96 of 700 | lebu,"http://api.openweathermap.org/data/2.5/weather?APPID=7000bf4dfa565802d1a0bc7afae50bec&units=imperial&q=lebu,cl"
Record 97 of 700 | duki,"http://api.openweathermap.org/data/2.5/weather?APPID=7000bf4dfa565802d1a0bc7afae50bec&units=imperial&q=duki,pk"
Record 98 of 700 | ribeira grande,"http://api.openweathermap.org/data/2.5/weather?APPID=7000bf4dfa565802d1a0bc7afae50bec&units=imperial&q=ribeira grande,pt"
Record 99 of 700 | general pico,"http://api.openweathermap.org/data/2.5/weather?APPID=7000bf4dfa565802d1a0bc7afae50bec&units=imperial&q=general pico,ar"
Record 100 of 700 | chokurdakh,"http://api.openweathermap.org/data/2.5/weather?APPID=7000bf4dfa565802d1a0bc7afae50bec&units=imperial&q=chokurdakh,ru"
Record 101 of 700 | tarabha,"http://api.openweathermap.org/data/2.5/weather?APPID=7000bf4dfa565802d1a0bc7afae50bec&units=imperial&q=tarabha,in"
Record 103 of 700 | yuzhno-kurilsk,"http://api.openweathermap.org/data/2.5/weather?APPID=7000bf4dfa565802d1a0bc7afae50bec&units=imperial&q=yuzhno-kurilsk,ru"
Record 104 of 700 | atuona,"http://api.openweathermap.org/data/2.5/weather?APPID=7000bf4dfa565802d1a0bc7afae50bec&units=imperial&q=atuona,pf"
Record 105 of 700 | hofn,"http://api.openweathermap.org/data/2.5/weather?APPID=7000bf4dfa565802d1a0bc7afae50bec&units=imperial&q=hofn,is"
Record 107 of 700 | kapaa,"http://api.openweathermap.org/data/2.5/weather?APPID=7000bf4dfa565802d1a0bc7afae50bec&units=imperial&q=kapaa,us"
Record 108 of 700 | sao filipe,"http://api.openweathermap.org/data/2.5/weather?APPID=7000bf4dfa565802d1a0bc7afae50bec&units=imperial&q=sao filipe,cv"
Record 109 of 700 | sinnamary,"http://api.openweathermap.org/data/2.5/weather?APPID=7000bf4dfa565802d1a0bc7afae50bec&units=imperial&q=sinnamary,gf"
Record 110 of 700 | atuona,"http://api.openweathermap.org/data/2.5/weather?APPID=7000bf4dfa565802d1a0bc7afae50bec&units=imperial&q=atuona,pf"
Record 111 of 700 | ancud,"http://api.openweathermap.org/data/2.5/weather?APPID=7000bf4dfa565802d1a0bc7afae50bec&units=imperial&q=ancud,cl"
Record 112 of 700 | mar del plata,"http://api.openweathermap.org/data/2.5/weather?APPID=7000bf4dfa565802d1a0bc7afae50bec&units=imperial&q=mar del plata,ar"
Record 113 of 700 | andenes,"http://api.openweathermap.org/data/2.5/weather?APPID=7000bf4dfa565802d1a0bc7afae50bec&units=imperial&q=andenes,no"
Record 114 of 700 | rikitea,"http://api.openweathermap.org/data/2.5/weather?APPID=7000bf4dfa565802d1a0bc7afae50bec&units=imperial&q=rikitea,pf"
Record 116 of 700 | hobart,"http://api.openweathermap.org/data/2.5/weather?APPID=7000bf4dfa565802d1a0bc7afae50bec&units=imperial&q=hobart,au"
Record 117 of 700 | khatanga,"http://api.openweathermap.org/data/2.5/weather?APPID=7000bf4dfa565802d1a0bc7afae50bec&units=imperial&q=khatanga,ru"
Record 118 of 700 | carnarvon,"http://api.openweathermap.org/data/2.5/weather?APPID=7000bf4dfa565802d1a0bc7afae50bec&units=imperial&q=carnarvon,au"
Record 119 of 700 | rockhampton,"http://api.openweathermap.org/data/2.5/weather?APPID=7000bf4dfa565802d1a0bc7afae50bec&units=imperial&q=rockhampton,au"
Record 120 of 700 | sao joao da barra,"http://api.openweathermap.org/data/2.5/weather?APPID=7000bf4dfa565802d1a0bc7afae50bec&units=imperial&q=sao joao da barra,br"
Record 121 of 700 | abu zabad,"http://api.openweathermap.org/data/2.5/weather?APPID=7000bf4dfa565802d1a0bc7afae50bec&units=imperial&q=abu zabad,sd"
Record 122 of 700 | xichang,"http://api.openweathermap.org/data/2.5/weather?APPID=7000bf4dfa565802d1a0bc7afae50bec&units=imperial&q=xichang,cn"
Record 123 of 700 | inongo,"http://api.openweathermap.org/data/2.5/weather?APPID=7000bf4dfa565802d1a0bc7afae50bec&units=imperial&q=inongo,cd"
Record 126 of 700 | punta arenas,"http://api.openweathermap.org/data/2.5/weather?APPID=7000bf4dfa565802d1a0bc7afae50bec&units=imperial&q=punta arenas,cl"
Record 127 of 700 | new norfolk,"http://api.openweathermap.org/data/2.5/weather?APPID=7000bf4dfa565802d1a0bc7afae50bec&units=imperial&q=new norfolk,au"
Record 128 of 700 | new norfolk,"http://api.openweathermap.org/data/2.5/weather?APPID=7000bf4dfa565802d1a0bc7afae50bec&units=imperial&q=new norfolk,au"
Record 129 of 700 | mar del plata,"http://api.openweathermap.org/data/2.5/weather?APPID=7000bf4dfa565802d1a0bc7afae50bec&units=imperial&q=mar del plata,ar"
Record 130 of 700 | clyde river,"http://api.openweathermap.org/data/2.5/weather?APPID=7000bf4dfa565802d1a0bc7afae50bec&units=imperial&q=clyde river,ca"
Record 131 of 700 | punta arenas,"http://api.openweathermap.org/data/2.5/weather?APPID=7000bf4dfa565802d1a0bc7afae50bec&units=imperial&q=punta arenas,cl"
Record 132 of 700 | bredasdorp,"http://api.openweathermap.org/data/2.5/weather?APPID=7000bf4dfa565802d1a0bc7afae50bec&units=imperial&q=bredasdorp,za"
Record 133 of 700 | qaanaaq,"http://api.openweathermap.org/data/2.5/weather?APPID=7000bf4dfa565802d1a0bc7afae50bec&units=imperial&q=qaanaaq,gl"
Record 134 of 700 | richards bay,"http://api.openweathermap.org/data/2.5/weather?APPID=7000bf4dfa565802d1a0bc7afae50bec&units=imperial&q=richards bay,za"
Record 135 of 700 | hermanus,"http://api.openweathermap.org/data/2.5/weather?APPID=7000bf4dfa565802d1a0bc7afae50bec&units=imperial&q=hermanus,za"
Record 136 of 700 | pangody,"http://api.openweathermap.org/data/2.5/weather?APPID=7000bf4dfa565802d1a0bc7afae50bec&units=imperial&q=pangody,ru"
Record 138 of 700 | wenzhou,"http://api.openweathermap.org/data/2.5/weather?APPID=7000bf4dfa565802d1a0bc7afae50bec&units=imperial&q=wenzhou,cn"
Record 139 of 700 | castro,"http://api.openweathermap.org/data/2.5/weather?APPID=7000bf4dfa565802d1a0bc7afae50bec&units=imperial&q=castro,cl"
Record 140 of 700 | punta arenas,"http://api.openweathermap.org/data/2.5/weather?APPID=7000bf4dfa565802d1a0bc7afae50bec&units=imperial&q=punta arenas,cl"
Record 141 of 700 | saldanha,"http://api.openweathermap.org/data/2.5/weather?APPID=7000bf4dfa565802d1a0bc7afae50bec&units=imperial&q=saldanha,za"
Record 143 of 700 | abu dhabi,"http://api.openweathermap.org/data/2.5/weather?APPID=7000bf4dfa565802d1a0bc7afae50bec&units=imperial&q=abu dhabi,ae"
Record 144 of 700 | port elizabeth,"http://api.openweathermap.org/data/2.5/weather?APPID=7000bf4dfa565802d1a0bc7afae50bec&units=imperial&q=port elizabeth,za"
Record 146 of 700 | atuona,"http://api.openweathermap.org/data/2.5/weather?APPID=7000bf4dfa565802d1a0bc7afae50bec&units=imperial&q=atuona,pf"
Record 147 of 700 | pevek,"http://api.openweathermap.org/data/2.5/weather?APPID=7000bf4dfa565802d1a0bc7afae50bec&units=imperial&q=pevek,ru"
Record 148 of 700 | hermanus,"http://api.openweathermap.org/data/2.5/weather?APPID=7000bf4dfa565802d1a0bc7afae50bec&units=imperial&q=hermanus,za"
Record 149 of 700 | morant bay,"http://api.openweathermap.org/data/2.5/weather?APPID=7000bf4dfa565802d1a0bc7afae50bec&units=imperial&q=morant bay,jm"
Record 150 of 700 | bluff,"http://api.openweathermap.org/data/2.5/weather?APPID=7000bf4dfa565802d1a0bc7afae50bec&units=imperial&q=bluff,nz"
Record 151 of 700 | quetta,"http://api.openweathermap.org/data/2.5/weather?APPID=7000bf4dfa565802d1a0bc7afae50bec&units=imperial&q=quetta,pk"
Record 152 of 700 | rikitea,"http://api.openweathermap.org/data/2.5/weather?APPID=7000bf4dfa565802d1a0bc7afae50bec&units=imperial&q=rikitea,pf"
Record 153 of 700 | ushuaia,"http://api.openweathermap.org/data/2.5/weather?APPID=7000bf4dfa565802d1a0bc7afae50bec&units=imperial&q=ushuaia,ar"
Record 154 of 700 | tuktoyaktuk,"http://api.openweathermap.org/data/2.5/weather?APPID=7000bf4dfa565802d1a0bc7afae50bec&units=imperial&q=tuktoyaktuk,ca"
Record 156 of 700 | punta arenas,"http://api.openweathermap.org/data/2.5/weather?APPID=7000bf4dfa565802d1a0bc7afae50bec&units=imperial&q=punta arenas,cl"
Record 157 of 700 | vaini,"http://api.openweathermap.org/data/2.5/weather?APPID=7000bf4dfa565802d1a0bc7afae50bec&units=imperial&q=vaini,to"
Record 158 of 700 | barrow,"http://api.openweathermap.org/data/2.5/weather?APPID=7000bf4dfa565802d1a0bc7afae50bec&units=imperial&q=barrow,us"
Record 159 of 700 | nome,"http://api.openweathermap.org/data/2.5/weather?APPID=7000bf4dfa565802d1a0bc7afae50bec&units=imperial&q=nome,us"
Record 160 of 700 | barrow,"http://api.openweathermap.org/data/2.5/weather?APPID=7000bf4dfa565802d1a0bc7afae50bec&units=imperial&q=barrow,us"
Record 161 of 700 | ushuaia,"http://api.openweathermap.org/data/2.5/weather?APPID=7000bf4dfa565802d1a0bc7afae50bec&units=imperial&q=ushuaia,ar"
Record 163 of 700 | mapiri,"http://api.openweathermap.org/data/2.5/weather?APPID=7000bf4dfa565802d1a0bc7afae50bec&units=imperial&q=mapiri,bo"
Record 165 of 700 | hamilton,"http://api.openweathermap.org/data/2.5/weather?APPID=7000bf4dfa565802d1a0bc7afae50bec&units=imperial&q=hamilton,bm"
Record 166 of 700 | monywa,"http://api.openweathermap.org/data/2.5/weather?APPID=7000bf4dfa565802d1a0bc7afae50bec&units=imperial&q=monywa,mm"
Record 167 of 700 | ushuaia,"http://api.openweathermap.org/data/2.5/weather?APPID=7000bf4dfa565802d1a0bc7afae50bec&units=imperial&q=ushuaia,ar"
Record 168 of 700 | tasiilaq,"http://api.openweathermap.org/data/2.5/weather?APPID=7000bf4dfa565802d1a0bc7afae50bec&units=imperial&q=tasiilaq,gl"
Record 169 of 700 | iqaluit,"http://api.openweathermap.org/data/2.5/weather?APPID=7000bf4dfa565802d1a0bc7afae50bec&units=imperial&q=iqaluit,ca"
Record 170 of 700 | upata,"http://api.openweathermap.org/data/2.5/weather?APPID=7000bf4dfa565802d1a0bc7afae50bec&units=imperial&q=upata,ve"
Record 171 of 700 | rikitea,"http://api.openweathermap.org/data/2.5/weather?APPID=7000bf4dfa565802d1a0bc7afae50bec&units=imperial&q=rikitea,pf"
Record 172 of 700 | fortuna,"http://api.openweathermap.org/data/2.5/weather?APPID=7000bf4dfa565802d1a0bc7afae50bec&units=imperial&q=fortuna,us"
Record 173 of 700 | port elizabeth,"http://api.openweathermap.org/data/2.5/weather?APPID=7000bf4dfa565802d1a0bc7afae50bec&units=imperial&q=port elizabeth,za"
Record 174 of 700 | hilo,"http://api.openweathermap.org/data/2.5/weather?APPID=7000bf4dfa565802d1a0bc7afae50bec&units=imperial&q=hilo,us"
Record 175 of 700 | kampot,"http://api.openweathermap.org/data/2.5/weather?APPID=7000bf4dfa565802d1a0bc7afae50bec&units=imperial&q=kampot,kh"
Record 176 of 700 | port alfred,"http://api.openweathermap.org/data/2.5/weather?APPID=7000bf4dfa565802d1a0bc7afae50bec&units=imperial&q=port alfred,za"
Record 177 of 700 | maceio,"http://api.openweathermap.org/data/2.5/weather?APPID=7000bf4dfa565802d1a0bc7afae50bec&units=imperial&q=maceio,br"
Record 178 of 700 | ambilobe,"http://api.openweathermap.org/data/2.5/weather?APPID=7000bf4dfa565802d1a0bc7afae50bec&units=imperial&q=ambilobe,mg"
Record 179 of 700 | ponta do sol,"http://api.openweathermap.org/data/2.5/weather?APPID=7000bf4dfa565802d1a0bc7afae50bec&units=imperial&q=ponta do sol,cv"
Record 180 of 700 | langenburg,"http://api.openweathermap.org/data/2.5/weather?APPID=7000bf4dfa565802d1a0bc7afae50bec&units=imperial&q=langenburg,ca"
Record 181 of 700 | katsuura,"http://api.openweathermap.org/data/2.5/weather?APPID=7000bf4dfa565802d1a0bc7afae50bec&units=imperial&q=katsuura,jp"
Record 182 of 700 | mahebourg,"http://api.openweathermap.org/data/2.5/weather?APPID=7000bf4dfa565802d1a0bc7afae50bec&units=imperial&q=mahebourg,mu"
Record 183 of 700 | hilo,"http://api.openweathermap.org/data/2.5/weather?APPID=7000bf4dfa565802d1a0bc7afae50bec&units=imperial&q=hilo,us"
Record 184 of 700 | puerto ayora,"http://api.openweathermap.org/data/2.5/weather?APPID=7000bf4dfa565802d1a0bc7afae50bec&units=imperial&q=puerto ayora,ec"
Record 185 of 700 | lorengau,"http://api.openweathermap.org/data/2.5/weather?APPID=7000bf4dfa565802d1a0bc7afae50bec&units=imperial&q=lorengau,pg"
Record 186 of 700 | barrow,"http://api.openweathermap.org/data/2.5/weather?APPID=7000bf4dfa565802d1a0bc7afae50bec&units=imperial&q=barrow,us"
Record 187 of 700 | seoul,"http://api.openweathermap.org/data/2.5/weather?APPID=7000bf4dfa565802d1a0bc7afae50bec&units=imperial&q=seoul,kr"
Record 188 of 700 | kapaa,"http://api.openweathermap.org/data/2.5/weather?APPID=7000bf4dfa565802d1a0bc7afae50bec&units=imperial&q=kapaa,us"
Record 189 of 700 | ahipara,"http://api.openweathermap.org/data/2.5/weather?APPID=7000bf4dfa565802d1a0bc7afae50bec&units=imperial&q=ahipara,nz"
Record 190 of 700 | mar del plata,"http://api.openweathermap.org/data/2.5/weather?APPID=7000bf4dfa565802d1a0bc7afae50bec&units=imperial&q=mar del plata,ar"
Record 191 of 700 | meadow lake,"http://api.openweathermap.org/data/2.5/weather?APPID=7000bf4dfa565802d1a0bc7afae50bec&units=imperial&q=meadow lake,ca"
Record 192 of 700 | keetmanshoop,"http://api.openweathermap.org/data/2.5/weather?APPID=7000bf4dfa565802d1a0bc7afae50bec&units=imperial&q=keetmanshoop,na"
Record 193 of 700 | kathmandu,"http://api.openweathermap.org/data/2.5/weather?APPID=7000bf4dfa565802d1a0bc7afae50bec&units=imperial&q=kathmandu,np"
Record 194 of 700 | vardo,"http://api.openweathermap.org/data/2.5/weather?APPID=7000bf4dfa565802d1a0bc7afae50bec&units=imperial&q=vardo,no"
Record 195 of 700 | hilo,"http://api.openweathermap.org/data/2.5/weather?APPID=7000bf4dfa565802d1a0bc7afae50bec&units=imperial&q=hilo,us"
Record 196 of 700 | thompson,"http://api.openweathermap.org/data/2.5/weather?APPID=7000bf4dfa565802d1a0bc7afae50bec&units=imperial&q=thompson,ca"
Record 197 of 700 | yar-sale,"http://api.openweathermap.org/data/2.5/weather?APPID=7000bf4dfa565802d1a0bc7afae50bec&units=imperial&q=yar-sale,ru"
Record 198 of 700 | jamestown,"http://api.openweathermap.org/data/2.5/weather?APPID=7000bf4dfa565802d1a0bc7afae50bec&units=imperial&q=jamestown,sh"
Record 199 of 700 | vaini,"http://api.openweathermap.org/data/2.5/weather?APPID=7000bf4dfa565802d1a0bc7afae50bec&units=imperial&q=vaini,to"
Record 200 of 700 | norman wells,"http://api.openweathermap.org/data/2.5/weather?APPID=7000bf4dfa565802d1a0bc7afae50bec&units=imperial&q=norman wells,ca"
Record 202 of 700 | vangaindrano,"http://api.openweathermap.org/data/2.5/weather?APPID=7000bf4dfa565802d1a0bc7afae50bec&units=imperial&q=vangaindrano,mg"
Record 203 of 700 | pokosnoye,"http://api.openweathermap.org/data/2.5/weather?APPID=7000bf4dfa565802d1a0bc7afae50bec&units=imperial&q=pokosnoye,ru"
Record 204 of 700 | umm lajj,"http://api.openweathermap.org/data/2.5/weather?APPID=7000bf4dfa565802d1a0bc7afae50bec&units=imperial&q=umm lajj,sa"
Record 205 of 700 | ellensburg,"http://api.openweathermap.org/data/2.5/weather?APPID=7000bf4dfa565802d1a0bc7afae50bec&units=imperial&q=ellensburg,us"
Record 206 of 700 | port alfred,"http://api.openweathermap.org/data/2.5/weather?APPID=7000bf4dfa565802d1a0bc7afae50bec&units=imperial&q=port alfred,za"
Record 207 of 700 | sao felix do xingu,"http://api.openweathermap.org/data/2.5/weather?APPID=7000bf4dfa565802d1a0bc7afae50bec&units=imperial&q=sao felix do xingu,br"
Record 208 of 700 | karasjok,"http://api.openweathermap.org/data/2.5/weather?APPID=7000bf4dfa565802d1a0bc7afae50bec&units=imperial&q=karasjok,no"
Record 209 of 700 | hofn,"http://api.openweathermap.org/data/2.5/weather?APPID=7000bf4dfa565802d1a0bc7afae50bec&units=imperial&q=hofn,is"
Record 210 of 700 | puerto ayora,"http://api.openweathermap.org/data/2.5/weather?APPID=7000bf4dfa565802d1a0bc7afae50bec&units=imperial&q=puerto ayora,ec"
Record 211 of 700 | albany,"http://api.openweathermap.org/data/2.5/weather?APPID=7000bf4dfa565802d1a0bc7afae50bec&units=imperial&q=albany,au"
Record 214 of 700 | nurota,"http://api.openweathermap.org/data/2.5/weather?APPID=7000bf4dfa565802d1a0bc7afae50bec&units=imperial&q=nurota,uz"
Record 215 of 700 | sitka,"http://api.openweathermap.org/data/2.5/weather?APPID=7000bf4dfa565802d1a0bc7afae50bec&units=imperial&q=sitka,us"
Record 216 of 700 | busselton,"http://api.openweathermap.org/data/2.5/weather?APPID=7000bf4dfa565802d1a0bc7afae50bec&units=imperial&q=busselton,au"
Record 217 of 700 | varhaug,"http://api.openweathermap.org/data/2.5/weather?APPID=7000bf4dfa565802d1a0bc7afae50bec&units=imperial&q=varhaug,no"
Record 218 of 700 | kapaa,"http://api.openweathermap.org/data/2.5/weather?APPID=7000bf4dfa565802d1a0bc7afae50bec&units=imperial&q=kapaa,us"
Record 219 of 700 | hilo,"http://api.openweathermap.org/data/2.5/weather?APPID=7000bf4dfa565802d1a0bc7afae50bec&units=imperial&q=hilo,us"
Record 220 of 700 | cidreira,"http://api.openweathermap.org/data/2.5/weather?APPID=7000bf4dfa565802d1a0bc7afae50bec&units=imperial&q=cidreira,br"
Record 221 of 700 | butaritari,"http://api.openweathermap.org/data/2.5/weather?APPID=7000bf4dfa565802d1a0bc7afae50bec&units=imperial&q=butaritari,ki"
Record 222 of 700 | ribeira grande,"http://api.openweathermap.org/data/2.5/weather?APPID=7000bf4dfa565802d1a0bc7afae50bec&units=imperial&q=ribeira grande,pt"
Record 223 of 700 | kodiak,"http://api.openweathermap.org/data/2.5/weather?APPID=7000bf4dfa565802d1a0bc7afae50bec&units=imperial&q=kodiak,us"
Record 224 of 700 | del rio,"http://api.openweathermap.org/data/2.5/weather?APPID=7000bf4dfa565802d1a0bc7afae50bec&units=imperial&q=del rio,us"
Record 225 of 700 | tiksi,"http://api.openweathermap.org/data/2.5/weather?APPID=7000bf4dfa565802d1a0bc7afae50bec&units=imperial&q=tiksi,ru"
Record 226 of 700 | hunterville,"http://api.openweathermap.org/data/2.5/weather?APPID=7000bf4dfa565802d1a0bc7afae50bec&units=imperial&q=hunterville,nz"
Record 227 of 700 | grindavik,"http://api.openweathermap.org/data/2.5/weather?APPID=7000bf4dfa565802d1a0bc7afae50bec&units=imperial&q=grindavik,is"
Record 228 of 700 | mar del plata,"http://api.openweathermap.org/data/2.5/weather?APPID=7000bf4dfa565802d1a0bc7afae50bec&units=imperial&q=mar del plata,ar"
Record 229 of 700 | lebu,"http://api.openweathermap.org/data/2.5/weather?APPID=7000bf4dfa565802d1a0bc7afae50bec&units=imperial&q=lebu,cl"
Record 230 of 700 | preeceville,"http://api.openweathermap.org/data/2.5/weather?APPID=7000bf4dfa565802d1a0bc7afae50bec&units=imperial&q=preeceville,ca"
Record 231 of 700 | castro,"http://api.openweathermap.org/data/2.5/weather?APPID=7000bf4dfa565802d1a0bc7afae50bec&units=imperial&q=castro,cl"
Record 232 of 700 | samfya,"http://api.openweathermap.org/data/2.5/weather?APPID=7000bf4dfa565802d1a0bc7afae50bec&units=imperial&q=samfya,zm"
Record 233 of 700 | gimli,"http://api.openweathermap.org/data/2.5/weather?APPID=7000bf4dfa565802d1a0bc7afae50bec&units=imperial&q=gimli,ca"
Record 235 of 700 | tasiilaq,"http://api.openweathermap.org/data/2.5/weather?APPID=7000bf4dfa565802d1a0bc7afae50bec&units=imperial&q=tasiilaq,gl"
Record 236 of 700 | baykit,"http://api.openweathermap.org/data/2.5/weather?APPID=7000bf4dfa565802d1a0bc7afae50bec&units=imperial&q=baykit,ru"
Record 237 of 700 | atuona,"http://api.openweathermap.org/data/2.5/weather?APPID=7000bf4dfa565802d1a0bc7afae50bec&units=imperial&q=atuona,pf"
Record 239 of 700 | rikitea,"http://api.openweathermap.org/data/2.5/weather?APPID=7000bf4dfa565802d1a0bc7afae50bec&units=imperial&q=rikitea,pf"
Record 240 of 700 | caravelas,"http://api.openweathermap.org/data/2.5/weather?APPID=7000bf4dfa565802d1a0bc7afae50bec&units=imperial&q=caravelas,br"
Record 241 of 700 | jamestown,"http://api.openweathermap.org/data/2.5/weather?APPID=7000bf4dfa565802d1a0bc7afae50bec&units=imperial&q=jamestown,sh"
Record 242 of 700 | ushuaia,"http://api.openweathermap.org/data/2.5/weather?APPID=7000bf4dfa565802d1a0bc7afae50bec&units=imperial&q=ushuaia,ar"
Record 244 of 700 | barrow,"http://api.openweathermap.org/data/2.5/weather?APPID=7000bf4dfa565802d1a0bc7afae50bec&units=imperial&q=barrow,us"
Record 245 of 700 | padang,"http://api.openweathermap.org/data/2.5/weather?APPID=7000bf4dfa565802d1a0bc7afae50bec&units=imperial&q=padang,id"
Record 246 of 700 | luderitz,"http://api.openweathermap.org/data/2.5/weather?APPID=7000bf4dfa565802d1a0bc7afae50bec&units=imperial&q=luderitz,na"
Record 248 of 700 | hobart,"http://api.openweathermap.org/data/2.5/weather?APPID=7000bf4dfa565802d1a0bc7afae50bec&units=imperial&q=hobart,au"
Record 249 of 700 | kiunga,"http://api.openweathermap.org/data/2.5/weather?APPID=7000bf4dfa565802d1a0bc7afae50bec&units=imperial&q=kiunga,pg"
Record 250 of 700 | kapaa,"http://api.openweathermap.org/data/2.5/weather?APPID=7000bf4dfa565802d1a0bc7afae50bec&units=imperial&q=kapaa,us"
Record 251 of 700 | anadyr,"http://api.openweathermap.org/data/2.5/weather?APPID=7000bf4dfa565802d1a0bc7afae50bec&units=imperial&q=anadyr,ru"
Record 252 of 700 | geraldton,"http://api.openweathermap.org/data/2.5/weather?APPID=7000bf4dfa565802d1a0bc7afae50bec&units=imperial&q=geraldton,au"
Record 253 of 700 | ushuaia,"http://api.openweathermap.org/data/2.5/weather?APPID=7000bf4dfa565802d1a0bc7afae50bec&units=imperial&q=ushuaia,ar"
Record 254 of 700 | kahului,"http://api.openweathermap.org/data/2.5/weather?APPID=7000bf4dfa565802d1a0bc7afae50bec&units=imperial&q=kahului,us"
Record 255 of 700 | daru,"http://api.openweathermap.org/data/2.5/weather?APPID=7000bf4dfa565802d1a0bc7afae50bec&units=imperial&q=daru,pg"
Record 256 of 700 | sassandra,"http://api.openweathermap.org/data/2.5/weather?APPID=7000bf4dfa565802d1a0bc7afae50bec&units=imperial&q=sassandra,ci"
Record 257 of 700 | katsuura,"http://api.openweathermap.org/data/2.5/weather?APPID=7000bf4dfa565802d1a0bc7afae50bec&units=imperial&q=katsuura,jp"
Record 258 of 700 | thanh hoa,"http://api.openweathermap.org/data/2.5/weather?APPID=7000bf4dfa565802d1a0bc7afae50bec&units=imperial&q=thanh hoa,vn"
Record 259 of 700 | oranjemund,"http://api.openweathermap.org/data/2.5/weather?APPID=7000bf4dfa565802d1a0bc7afae50bec&units=imperial&q=oranjemund,na"
Record 260 of 700 | baruun-urt,"http://api.openweathermap.org/data/2.5/weather?APPID=7000bf4dfa565802d1a0bc7afae50bec&units=imperial&q=baruun-urt,mn"
Record 261 of 700 | punta arenas,"http://api.openweathermap.org/data/2.5/weather?APPID=7000bf4dfa565802d1a0bc7afae50bec&units=imperial&q=punta arenas,cl"
Record 262 of 700 | albany,"http://api.openweathermap.org/data/2.5/weather?APPID=7000bf4dfa565802d1a0bc7afae50bec&units=imperial&q=albany,au"
Record 263 of 700 | ribeira grande,"http://api.openweathermap.org/data/2.5/weather?APPID=7000bf4dfa565802d1a0bc7afae50bec&units=imperial&q=ribeira grande,pt"
Record 264 of 700 | azuaga,"http://api.openweathermap.org/data/2.5/weather?APPID=7000bf4dfa565802d1a0bc7afae50bec&units=imperial&q=azuaga,es"
Record 265 of 700 | rikitea,"http://api.openweathermap.org/data/2.5/weather?APPID=7000bf4dfa565802d1a0bc7afae50bec&units=imperial&q=rikitea,pf"
Record 266 of 700 | chuy,"http://api.openweathermap.org/data/2.5/weather?APPID=7000bf4dfa565802d1a0bc7afae50bec&units=imperial&q=chuy,uy"
Record 267 of 700 | lebu,"http://api.openweathermap.org/data/2.5/weather?APPID=7000bf4dfa565802d1a0bc7afae50bec&units=imperial&q=lebu,cl"
Record 268 of 700 | punta arenas,"http://api.openweathermap.org/data/2.5/weather?APPID=7000bf4dfa565802d1a0bc7afae50bec&units=imperial&q=punta arenas,cl"
Record 269 of 700 | vestmannaeyjar,"http://api.openweathermap.org/data/2.5/weather?APPID=7000bf4dfa565802d1a0bc7afae50bec&units=imperial&q=vestmannaeyjar,is"
Record 270 of 700 | dingli,"http://api.openweathermap.org/data/2.5/weather?APPID=7000bf4dfa565802d1a0bc7afae50bec&units=imperial&q=dingli,mt"
Record 271 of 700 | bethel,"http://api.openweathermap.org/data/2.5/weather?APPID=7000bf4dfa565802d1a0bc7afae50bec&units=imperial&q=bethel,us"
Record 272 of 700 | caluquembe,"http://api.openweathermap.org/data/2.5/weather?APPID=7000bf4dfa565802d1a0bc7afae50bec&units=imperial&q=caluquembe,ao"
Record 274 of 700 | thompson,"http://api.openweathermap.org/data/2.5/weather?APPID=7000bf4dfa565802d1a0bc7afae50bec&units=imperial&q=thompson,ca"
Record 275 of 700 | avarua,"http://api.openweathermap.org/data/2.5/weather?APPID=7000bf4dfa565802d1a0bc7afae50bec&units=imperial&q=avarua,ck"
Record 277 of 700 | bouna,"http://api.openweathermap.org/data/2.5/weather?APPID=7000bf4dfa565802d1a0bc7afae50bec&units=imperial&q=bouna,ci"
Record 278 of 700 | bluff,"http://api.openweathermap.org/data/2.5/weather?APPID=7000bf4dfa565802d1a0bc7afae50bec&units=imperial&q=bluff,nz"
Record 280 of 700 | bambous virieux,"http://api.openweathermap.org/data/2.5/weather?APPID=7000bf4dfa565802d1a0bc7afae50bec&units=imperial&q=bambous virieux,mu"
Record 281 of 700 | hilo,"http://api.openweathermap.org/data/2.5/weather?APPID=7000bf4dfa565802d1a0bc7afae50bec&units=imperial&q=hilo,us"
Record 282 of 700 | port lincoln,"http://api.openweathermap.org/data/2.5/weather?APPID=7000bf4dfa565802d1a0bc7afae50bec&units=imperial&q=port lincoln,au"
Record 283 of 700 | bilibino,"http://api.openweathermap.org/data/2.5/weather?APPID=7000bf4dfa565802d1a0bc7afae50bec&units=imperial&q=bilibino,ru"
Record 284 of 700 | mayo,"http://api.openweathermap.org/data/2.5/weather?APPID=7000bf4dfa565802d1a0bc7afae50bec&units=imperial&q=mayo,ca"
Record 285 of 700 | ostrovnoy,"http://api.openweathermap.org/data/2.5/weather?APPID=7000bf4dfa565802d1a0bc7afae50bec&units=imperial&q=ostrovnoy,ru"
Record 286 of 700 | mutoko,"http://api.openweathermap.org/data/2.5/weather?APPID=7000bf4dfa565802d1a0bc7afae50bec&units=imperial&q=mutoko,zw"
Record 288 of 700 | ribeira do pombal,"http://api.openweathermap.org/data/2.5/weather?APPID=7000bf4dfa565802d1a0bc7afae50bec&units=imperial&q=ribeira do pombal,br"
Record 289 of 700 | mahebourg,"http://api.openweathermap.org/data/2.5/weather?APPID=7000bf4dfa565802d1a0bc7afae50bec&units=imperial&q=mahebourg,mu"
Record 290 of 700 | lompoc,"http://api.openweathermap.org/data/2.5/weather?APPID=7000bf4dfa565802d1a0bc7afae50bec&units=imperial&q=lompoc,us"
Record 291 of 700 | ushuaia,"http://api.openweathermap.org/data/2.5/weather?APPID=7000bf4dfa565802d1a0bc7afae50bec&units=imperial&q=ushuaia,ar"
Record 292 of 700 | eskisehir,"http://api.openweathermap.org/data/2.5/weather?APPID=7000bf4dfa565802d1a0bc7afae50bec&units=imperial&q=eskisehir,tr"
Record 293 of 700 | san quintin,"http://api.openweathermap.org/data/2.5/weather?APPID=7000bf4dfa565802d1a0bc7afae50bec&units=imperial&q=san quintin,mx"
Record 295 of 700 | punta arenas,"http://api.openweathermap.org/data/2.5/weather?APPID=7000bf4dfa565802d1a0bc7afae50bec&units=imperial&q=punta arenas,cl"
Record 296 of 700 | coldwater,"http://api.openweathermap.org/data/2.5/weather?APPID=7000bf4dfa565802d1a0bc7afae50bec&units=imperial&q=coldwater,us"
Record 297 of 700 | ancud,"http://api.openweathermap.org/data/2.5/weather?APPID=7000bf4dfa565802d1a0bc7afae50bec&units=imperial&q=ancud,cl"
Record 298 of 700 | bengkulu,"http://api.openweathermap.org/data/2.5/weather?APPID=7000bf4dfa565802d1a0bc7afae50bec&units=imperial&q=bengkulu,id"
Record 299 of 700 | antalaha,"http://api.openweathermap.org/data/2.5/weather?APPID=7000bf4dfa565802d1a0bc7afae50bec&units=imperial&q=antalaha,mg"
Record 300 of 700 | severo-kurilsk,"http://api.openweathermap.org/data/2.5/weather?APPID=7000bf4dfa565802d1a0bc7afae50bec&units=imperial&q=severo-kurilsk,ru"
Record 302 of 700 | vaini,"http://api.openweathermap.org/data/2.5/weather?APPID=7000bf4dfa565802d1a0bc7afae50bec&units=imperial&q=vaini,to"
Record 303 of 700 | kuvandyk,"http://api.openweathermap.org/data/2.5/weather?APPID=7000bf4dfa565802d1a0bc7afae50bec&units=imperial&q=kuvandyk,ru"
Record 304 of 700 | porto velho,"http://api.openweathermap.org/data/2.5/weather?APPID=7000bf4dfa565802d1a0bc7afae50bec&units=imperial&q=porto velho,br"
Record 305 of 700 | vaini,"http://api.openweathermap.org/data/2.5/weather?APPID=7000bf4dfa565802d1a0bc7afae50bec&units=imperial&q=vaini,to"
Record 307 of 700 | arraial do cabo,"http://api.openweathermap.org/data/2.5/weather?APPID=7000bf4dfa565802d1a0bc7afae50bec&units=imperial&q=arraial do cabo,br"
Record 309 of 700 | bluff,"http://api.openweathermap.org/data/2.5/weather?APPID=7000bf4dfa565802d1a0bc7afae50bec&units=imperial&q=bluff,nz"
Record 310 of 700 | bani walid,"http://api.openweathermap.org/data/2.5/weather?APPID=7000bf4dfa565802d1a0bc7afae50bec&units=imperial&q=bani walid,ly"
Record 311 of 700 | kruisfontein,"http://api.openweathermap.org/data/2.5/weather?APPID=7000bf4dfa565802d1a0bc7afae50bec&units=imperial&q=kruisfontein,za"
Record 312 of 700 | jamestown,"http://api.openweathermap.org/data/2.5/weather?APPID=7000bf4dfa565802d1a0bc7afae50bec&units=imperial&q=jamestown,sh"
Record 315 of 700 | christchurch,"http://api.openweathermap.org/data/2.5/weather?APPID=7000bf4dfa565802d1a0bc7afae50bec&units=imperial&q=christchurch,nz"
Record 316 of 700 | san patricio,"http://api.openweathermap.org/data/2.5/weather?APPID=7000bf4dfa565802d1a0bc7afae50bec&units=imperial&q=san patricio,mx"
Record 318 of 700 | victoria,"http://api.openweathermap.org/data/2.5/weather?APPID=7000bf4dfa565802d1a0bc7afae50bec&units=imperial&q=victoria,sc"
Record 319 of 700 | saint-philippe,"http://api.openweathermap.org/data/2.5/weather?APPID=7000bf4dfa565802d1a0bc7afae50bec&units=imperial&q=saint-philippe,re"
Record 320 of 700 | tuktoyaktuk,"http://api.openweathermap.org/data/2.5/weather?APPID=7000bf4dfa565802d1a0bc7afae50bec&units=imperial&q=tuktoyaktuk,ca"
Record 321 of 700 | dikson,"http://api.openweathermap.org/data/2.5/weather?APPID=7000bf4dfa565802d1a0bc7afae50bec&units=imperial&q=dikson,ru"
Record 322 of 700 | kruisfontein,"http://api.openweathermap.org/data/2.5/weather?APPID=7000bf4dfa565802d1a0bc7afae50bec&units=imperial&q=kruisfontein,za"
Record 325 of 700 | yellowknife,"http://api.openweathermap.org/data/2.5/weather?APPID=7000bf4dfa565802d1a0bc7afae50bec&units=imperial&q=yellowknife,ca"
Record 326 of 700 | tulum,"http://api.openweathermap.org/data/2.5/weather?APPID=7000bf4dfa565802d1a0bc7afae50bec&units=imperial&q=tulum,mx"
Record 327 of 700 | yellowknife,"http://api.openweathermap.org/data/2.5/weather?APPID=7000bf4dfa565802d1a0bc7afae50bec&units=imperial&q=yellowknife,ca"
Record 328 of 700 | punta arenas,"http://api.openweathermap.org/data/2.5/weather?APPID=7000bf4dfa565802d1a0bc7afae50bec&units=imperial&q=punta arenas,cl"
Record 330 of 700 | saskylakh,"http://api.openweathermap.org/data/2.5/weather?APPID=7000bf4dfa565802d1a0bc7afae50bec&units=imperial&q=saskylakh,ru"
Record 333 of 700 | udhampur,"http://api.openweathermap.org/data/2.5/weather?APPID=7000bf4dfa565802d1a0bc7afae50bec&units=imperial&q=udhampur,in"
Record 334 of 700 | bluff,"http://api.openweathermap.org/data/2.5/weather?APPID=7000bf4dfa565802d1a0bc7afae50bec&units=imperial&q=bluff,nz"
Record 335 of 700 | port alfred,"http://api.openweathermap.org/data/2.5/weather?APPID=7000bf4dfa565802d1a0bc7afae50bec&units=imperial&q=port alfred,za"
Record 336 of 700 | san quintin,"http://api.openweathermap.org/data/2.5/weather?APPID=7000bf4dfa565802d1a0bc7afae50bec&units=imperial&q=san quintin,mx"
Record 338 of 700 | najran,"http://api.openweathermap.org/data/2.5/weather?APPID=7000bf4dfa565802d1a0bc7afae50bec&units=imperial&q=najran,sa"
Record 339 of 700 | nsukka,"http://api.openweathermap.org/data/2.5/weather?APPID=7000bf4dfa565802d1a0bc7afae50bec&units=imperial&q=nsukka,ng"
Record 340 of 700 | geraldton,"http://api.openweathermap.org/data/2.5/weather?APPID=7000bf4dfa565802d1a0bc7afae50bec&units=imperial&q=geraldton,ca"
Record 341 of 700 | lompoc,"http://api.openweathermap.org/data/2.5/weather?APPID=7000bf4dfa565802d1a0bc7afae50bec&units=imperial&q=lompoc,us"
Record 342 of 700 | khatanga,"http://api.openweathermap.org/data/2.5/weather?APPID=7000bf4dfa565802d1a0bc7afae50bec&units=imperial&q=khatanga,ru"
Record 343 of 700 | lavrentiya,"http://api.openweathermap.org/data/2.5/weather?APPID=7000bf4dfa565802d1a0bc7afae50bec&units=imperial&q=lavrentiya,ru"
Record 345 of 700 | castro,"http://api.openweathermap.org/data/2.5/weather?APPID=7000bf4dfa565802d1a0bc7afae50bec&units=imperial&q=castro,cl"
Record 346 of 700 | katsuura,"http://api.openweathermap.org/data/2.5/weather?APPID=7000bf4dfa565802d1a0bc7afae50bec&units=imperial&q=katsuura,jp"
Record 347 of 700 | ushuaia,"http://api.openweathermap.org/data/2.5/weather?APPID=7000bf4dfa565802d1a0bc7afae50bec&units=imperial&q=ushuaia,ar"
Record 348 of 700 | dikson,"http://api.openweathermap.org/data/2.5/weather?APPID=7000bf4dfa565802d1a0bc7afae50bec&units=imperial&q=dikson,ru"
Record 349 of 700 | tuktoyaktuk,"http://api.openweathermap.org/data/2.5/weather?APPID=7000bf4dfa565802d1a0bc7afae50bec&units=imperial&q=tuktoyaktuk,ca"
Record 350 of 700 | barrow,"http://api.openweathermap.org/data/2.5/weather?APPID=7000bf4dfa565802d1a0bc7afae50bec&units=imperial&q=barrow,us"
Record 351 of 700 | kavieng,"http://api.openweathermap.org/data/2.5/weather?APPID=7000bf4dfa565802d1a0bc7afae50bec&units=imperial&q=kavieng,pg"
Record 352 of 700 | monrovia,"http://api.openweathermap.org/data/2.5/weather?APPID=7000bf4dfa565802d1a0bc7afae50bec&units=imperial&q=monrovia,lr"
Record 353 of 700 | nogliki,"http://api.openweathermap.org/data/2.5/weather?APPID=7000bf4dfa565802d1a0bc7afae50bec&units=imperial&q=nogliki,ru"
Record 354 of 700 | barrow,"http://api.openweathermap.org/data/2.5/weather?APPID=7000bf4dfa565802d1a0bc7afae50bec&units=imperial&q=barrow,us"
Record 355 of 700 | buala,"http://api.openweathermap.org/data/2.5/weather?APPID=7000bf4dfa565802d1a0bc7afae50bec&units=imperial&q=buala,sb"
Record 356 of 700 | chokurdakh,"http://api.openweathermap.org/data/2.5/weather?APPID=7000bf4dfa565802d1a0bc7afae50bec&units=imperial&q=chokurdakh,ru"
Record 358 of 700 | westport,"http://api.openweathermap.org/data/2.5/weather?APPID=7000bf4dfa565802d1a0bc7afae50bec&units=imperial&q=westport,nz"
Record 359 of 700 | arman,"http://api.openweathermap.org/data/2.5/weather?APPID=7000bf4dfa565802d1a0bc7afae50bec&units=imperial&q=arman,ru"
Record 360 of 700 | manadhoo,"http://api.openweathermap.org/data/2.5/weather?APPID=7000bf4dfa565802d1a0bc7afae50bec&units=imperial&q=manadhoo,mv"
Record 361 of 700 | bathsheba,"http://api.openweathermap.org/data/2.5/weather?APPID=7000bf4dfa565802d1a0bc7afae50bec&units=imperial&q=bathsheba,bb"
Record 362 of 700 | ipil,"http://api.openweathermap.org/data/2.5/weather?APPID=7000bf4dfa565802d1a0bc7afae50bec&units=imperial&q=ipil,ph"
Record 363 of 700 | qaanaaq,"http://api.openweathermap.org/data/2.5/weather?APPID=7000bf4dfa565802d1a0bc7afae50bec&units=imperial&q=qaanaaq,gl"
Record 364 of 700 | izumo,"http://api.openweathermap.org/data/2.5/weather?APPID=7000bf4dfa565802d1a0bc7afae50bec&units=imperial&q=izumo,jp"
Record 365 of 700 | benguela,"http://api.openweathermap.org/data/2.5/weather?APPID=7000bf4dfa565802d1a0bc7afae50bec&units=imperial&q=benguela,ao"
Record 367 of 700 | aklavik,"http://api.openweathermap.org/data/2.5/weather?APPID=7000bf4dfa565802d1a0bc7afae50bec&units=imperial&q=aklavik,ca"
Record 368 of 700 | arraial do cabo,"http://api.openweathermap.org/data/2.5/weather?APPID=7000bf4dfa565802d1a0bc7afae50bec&units=imperial&q=arraial do cabo,br"
Record 369 of 700 | atuona,"http://api.openweathermap.org/data/2.5/weather?APPID=7000bf4dfa565802d1a0bc7afae50bec&units=imperial&q=atuona,pf"
Record 370 of 700 | afua,"http://api.openweathermap.org/data/2.5/weather?APPID=7000bf4dfa565802d1a0bc7afae50bec&units=imperial&q=afua,br"
Record 371 of 700 | carnarvon,"http://api.openweathermap.org/data/2.5/weather?APPID=7000bf4dfa565802d1a0bc7afae50bec&units=imperial&q=carnarvon,au"
Record 372 of 700 | upernavik,"http://api.openweathermap.org/data/2.5/weather?APPID=7000bf4dfa565802d1a0bc7afae50bec&units=imperial&q=upernavik,gl"
Record 373 of 700 | axim,"http://api.openweathermap.org/data/2.5/weather?APPID=7000bf4dfa565802d1a0bc7afae50bec&units=imperial&q=axim,gh"
Record 374 of 700 | atuona,"http://api.openweathermap.org/data/2.5/weather?APPID=7000bf4dfa565802d1a0bc7afae50bec&units=imperial&q=atuona,pf"
Record 376 of 700 | vaini,"http://api.openweathermap.org/data/2.5/weather?APPID=7000bf4dfa565802d1a0bc7afae50bec&units=imperial&q=vaini,to"
Record 378 of 700 | lompoc,"http://api.openweathermap.org/data/2.5/weather?APPID=7000bf4dfa565802d1a0bc7afae50bec&units=imperial&q=lompoc,us"
Record 379 of 700 | kalmunai,"http://api.openweathermap.org/data/2.5/weather?APPID=7000bf4dfa565802d1a0bc7afae50bec&units=imperial&q=kalmunai,lk"
Record 381 of 700 | kodiak,"http://api.openweathermap.org/data/2.5/weather?APPID=7000bf4dfa565802d1a0bc7afae50bec&units=imperial&q=kodiak,us"
Record 382 of 700 | mancio lima,"http://api.openweathermap.org/data/2.5/weather?APPID=7000bf4dfa565802d1a0bc7afae50bec&units=imperial&q=mancio lima,br"
Record 383 of 700 | katsuura,"http://api.openweathermap.org/data/2.5/weather?APPID=7000bf4dfa565802d1a0bc7afae50bec&units=imperial&q=katsuura,jp"
Record 384 of 700 | kapaa,"http://api.openweathermap.org/data/2.5/weather?APPID=7000bf4dfa565802d1a0bc7afae50bec&units=imperial&q=kapaa,us"
Record 385 of 700 | knysna,"http://api.openweathermap.org/data/2.5/weather?APPID=7000bf4dfa565802d1a0bc7afae50bec&units=imperial&q=knysna,za"
Record 386 of 700 | hofn,"http://api.openweathermap.org/data/2.5/weather?APPID=7000bf4dfa565802d1a0bc7afae50bec&units=imperial&q=hofn,is"
Record 387 of 700 | susuman,"http://api.openweathermap.org/data/2.5/weather?APPID=7000bf4dfa565802d1a0bc7afae50bec&units=imperial&q=susuman,ru"
Record 388 of 700 | punta arenas,"http://api.openweathermap.org/data/2.5/weather?APPID=7000bf4dfa565802d1a0bc7afae50bec&units=imperial&q=punta arenas,cl"
Record 389 of 700 | hilo,"http://api.openweathermap.org/data/2.5/weather?APPID=7000bf4dfa565802d1a0bc7afae50bec&units=imperial&q=hilo,us"
Record 390 of 700 | carnarvon,"http://api.openweathermap.org/data/2.5/weather?APPID=7000bf4dfa565802d1a0bc7afae50bec&units=imperial&q=carnarvon,au"
Record 392 of 700 | hithadhoo,"http://api.openweathermap.org/data/2.5/weather?APPID=7000bf4dfa565802d1a0bc7afae50bec&units=imperial&q=hithadhoo,mv"
Record 393 of 700 | chokurdakh,"http://api.openweathermap.org/data/2.5/weather?APPID=7000bf4dfa565802d1a0bc7afae50bec&units=imperial&q=chokurdakh,ru"
Record 394 of 700 | arraial do cabo,"http://api.openweathermap.org/data/2.5/weather?APPID=7000bf4dfa565802d1a0bc7afae50bec&units=imperial&q=arraial do cabo,br"
Record 396 of 700 | coquimbo,"http://api.openweathermap.org/data/2.5/weather?APPID=7000bf4dfa565802d1a0bc7afae50bec&units=imperial&q=coquimbo,cl"
Record 397 of 700 | rikitea,"http://api.openweathermap.org/data/2.5/weather?APPID=7000bf4dfa565802d1a0bc7afae50bec&units=imperial&q=rikitea,pf"
Record 398 of 700 | morristown,"http://api.openweathermap.org/data/2.5/weather?APPID=7000bf4dfa565802d1a0bc7afae50bec&units=imperial&q=morristown,us"
Record 399 of 700 | athabasca,"http://api.openweathermap.org/data/2.5/weather?APPID=7000bf4dfa565802d1a0bc7afae50bec&units=imperial&q=athabasca,ca"
Record 400 of 700 | wollongong,"http://api.openweathermap.org/data/2.5/weather?APPID=7000bf4dfa565802d1a0bc7afae50bec&units=imperial&q=wollongong,au"
Record 402 of 700 | rikitea,"http://api.openweathermap.org/data/2.5/weather?APPID=7000bf4dfa565802d1a0bc7afae50bec&units=imperial&q=rikitea,pf"
Record 403 of 700 | namwala,"http://api.openweathermap.org/data/2.5/weather?APPID=7000bf4dfa565802d1a0bc7afae50bec&units=imperial&q=namwala,zm"
Record 404 of 700 | dicabisagan,"http://api.openweathermap.org/data/2.5/weather?APPID=7000bf4dfa565802d1a0bc7afae50bec&units=imperial&q=dicabisagan,ph"
Record 405 of 700 | griffith,"http://api.openweathermap.org/data/2.5/weather?APPID=7000bf4dfa565802d1a0bc7afae50bec&units=imperial&q=griffith,au"
Record 406 of 700 | hirara,"http://api.openweathermap.org/data/2.5/weather?APPID=7000bf4dfa565802d1a0bc7afae50bec&units=imperial&q=hirara,jp"
Record 407 of 700 | pacific grove,"http://api.openweathermap.org/data/2.5/weather?APPID=7000bf4dfa565802d1a0bc7afae50bec&units=imperial&q=pacific grove,us"
Record 408 of 700 | rikitea,"http://api.openweathermap.org/data/2.5/weather?APPID=7000bf4dfa565802d1a0bc7afae50bec&units=imperial&q=rikitea,pf"
Record 409 of 700 | castro,"http://api.openweathermap.org/data/2.5/weather?APPID=7000bf4dfa565802d1a0bc7afae50bec&units=imperial&q=castro,cl"
Record 412 of 700 | kamenka,"http://api.openweathermap.org/data/2.5/weather?APPID=7000bf4dfa565802d1a0bc7afae50bec&units=imperial&q=kamenka,ru"
Record 413 of 700 | biltine,"http://api.openweathermap.org/data/2.5/weather?APPID=7000bf4dfa565802d1a0bc7afae50bec&units=imperial&q=biltine,td"
Record 416 of 700 | thompson,"http://api.openweathermap.org/data/2.5/weather?APPID=7000bf4dfa565802d1a0bc7afae50bec&units=imperial&q=thompson,ca"
Record 417 of 700 | punta arenas,"http://api.openweathermap.org/data/2.5/weather?APPID=7000bf4dfa565802d1a0bc7afae50bec&units=imperial&q=punta arenas,cl"
Record 418 of 700 | batagay,"http://api.openweathermap.org/data/2.5/weather?APPID=7000bf4dfa565802d1a0bc7afae50bec&units=imperial&q=batagay,ru"
Record 419 of 700 | edd,"http://api.openweathermap.org/data/2.5/weather?APPID=7000bf4dfa565802d1a0bc7afae50bec&units=imperial&q=edd,er"
Record 420 of 700 | pevek,"http://api.openweathermap.org/data/2.5/weather?APPID=7000bf4dfa565802d1a0bc7afae50bec&units=imperial&q=pevek,ru"
Record 421 of 700 | port elizabeth,"http://api.openweathermap.org/data/2.5/weather?APPID=7000bf4dfa565802d1a0bc7afae50bec&units=imperial&q=port elizabeth,za"
Record 423 of 700 | tura,"http://api.openweathermap.org/data/2.5/weather?APPID=7000bf4dfa565802d1a0bc7afae50bec&units=imperial&q=tura,ru"
Record 424 of 700 | ponta do sol,"http://api.openweathermap.org/data/2.5/weather?APPID=7000bf4dfa565802d1a0bc7afae50bec&units=imperial&q=ponta do sol,cv"
Record 425 of 700 | rikitea,"http://api.openweathermap.org/data/2.5/weather?APPID=7000bf4dfa565802d1a0bc7afae50bec&units=imperial&q=rikitea,pf"
Record 426 of 700 | faanui,"http://api.openweathermap.org/data/2.5/weather?APPID=7000bf4dfa565802d1a0bc7afae50bec&units=imperial&q=faanui,pf"
Record 428 of 700 | liwale,"http://api.openweathermap.org/data/2.5/weather?APPID=7000bf4dfa565802d1a0bc7afae50bec&units=imperial&q=liwale,tz"
Record 429 of 700 | talnakh,"http://api.openweathermap.org/data/2.5/weather?APPID=7000bf4dfa565802d1a0bc7afae50bec&units=imperial&q=talnakh,ru"
Record 430 of 700 | touros,"http://api.openweathermap.org/data/2.5/weather?APPID=7000bf4dfa565802d1a0bc7afae50bec&units=imperial&q=touros,br"
Record 431 of 700 | nagahama,"http://api.openweathermap.org/data/2.5/weather?APPID=7000bf4dfa565802d1a0bc7afae50bec&units=imperial&q=nagahama,jp"
Record 432 of 700 | tura,"http://api.openweathermap.org/data/2.5/weather?APPID=7000bf4dfa565802d1a0bc7afae50bec&units=imperial&q=tura,ru"
Record 433 of 700 | rancho santa margarita,"http://api.openweathermap.org/data/2.5/weather?APPID=7000bf4dfa565802d1a0bc7afae50bec&units=imperial&q=rancho santa margarita,us"
Record 434 of 700 | tasiilaq,"http://api.openweathermap.org/data/2.5/weather?APPID=7000bf4dfa565802d1a0bc7afae50bec&units=imperial&q=tasiilaq,gl"
Record 435 of 700 | okhotsk,"http://api.openweathermap.org/data/2.5/weather?APPID=7000bf4dfa565802d1a0bc7afae50bec&units=imperial&q=okhotsk,ru"
Record 436 of 700 | mar del plata,"http://api.openweathermap.org/data/2.5/weather?APPID=7000bf4dfa565802d1a0bc7afae50bec&units=imperial&q=mar del plata,ar"
Record 437 of 700 | vrangel,"http://api.openweathermap.org/data/2.5/weather?APPID=7000bf4dfa565802d1a0bc7afae50bec&units=imperial&q=vrangel,ru"
Record 438 of 700 | busselton,"http://api.openweathermap.org/data/2.5/weather?APPID=7000bf4dfa565802d1a0bc7afae50bec&units=imperial&q=busselton,au"
Record 439 of 700 | clarence town,"http://api.openweathermap.org/data/2.5/weather?APPID=7000bf4dfa565802d1a0bc7afae50bec&units=imperial&q=clarence town,bs"
Record 441 of 700 | san patricio,"http://api.openweathermap.org/data/2.5/weather?APPID=7000bf4dfa565802d1a0bc7afae50bec&units=imperial&q=san patricio,mx"
Record 442 of 700 | zhigansk,"http://api.openweathermap.org/data/2.5/weather?APPID=7000bf4dfa565802d1a0bc7afae50bec&units=imperial&q=zhigansk,ru"
Record 443 of 700 | busselton,"http://api.openweathermap.org/data/2.5/weather?APPID=7000bf4dfa565802d1a0bc7afae50bec&units=imperial&q=busselton,au"
Record 444 of 700 | ponta do sol,"http://api.openweathermap.org/data/2.5/weather?APPID=7000bf4dfa565802d1a0bc7afae50bec&units=imperial&q=ponta do sol,cv"
Record 445 of 700 | cruz alta,"http://api.openweathermap.org/data/2.5/weather?APPID=7000bf4dfa565802d1a0bc7afae50bec&units=imperial&q=cruz alta,br"
Record 447 of 700 | tongren,"http://api.openweathermap.org/data/2.5/weather?APPID=7000bf4dfa565802d1a0bc7afae50bec&units=imperial&q=tongren,cn"
Record 448 of 700 | albany,"http://api.openweathermap.org/data/2.5/weather?APPID=7000bf4dfa565802d1a0bc7afae50bec&units=imperial&q=albany,au"
Record 449 of 700 | puerto ayora,"http://api.openweathermap.org/data/2.5/weather?APPID=7000bf4dfa565802d1a0bc7afae50bec&units=imperial&q=puerto ayora,ec"
Record 450 of 700 | aasiaat,"http://api.openweathermap.org/data/2.5/weather?APPID=7000bf4dfa565802d1a0bc7afae50bec&units=imperial&q=aasiaat,gl"
Record 451 of 700 | clyde river,"http://api.openweathermap.org/data/2.5/weather?APPID=7000bf4dfa565802d1a0bc7afae50bec&units=imperial&q=clyde river,ca"
Record 452 of 700 | jega,"http://api.openweathermap.org/data/2.5/weather?APPID=7000bf4dfa565802d1a0bc7afae50bec&units=imperial&q=jega,ng"
Record 453 of 700 | agadir,"http://api.openweathermap.org/data/2.5/weather?APPID=7000bf4dfa565802d1a0bc7afae50bec&units=imperial&q=agadir,ma"
Record 454 of 700 | aklavik,"http://api.openweathermap.org/data/2.5/weather?APPID=7000bf4dfa565802d1a0bc7afae50bec&units=imperial&q=aklavik,ca"
Record 455 of 700 | livada,"http://api.openweathermap.org/data/2.5/weather?APPID=7000bf4dfa565802d1a0bc7afae50bec&units=imperial&q=livada,ro"
Record 456 of 700 | bluff,"http://api.openweathermap.org/data/2.5/weather?APPID=7000bf4dfa565802d1a0bc7afae50bec&units=imperial&q=bluff,nz"
Record 457 of 700 | wilmington,"http://api.openweathermap.org/data/2.5/weather?APPID=7000bf4dfa565802d1a0bc7afae50bec&units=imperial&q=wilmington,us"
Record 459 of 700 | fairbanks,"http://api.openweathermap.org/data/2.5/weather?APPID=7000bf4dfa565802d1a0bc7afae50bec&units=imperial&q=fairbanks,us"
Record 460 of 700 | cape town,"http://api.openweathermap.org/data/2.5/weather?APPID=7000bf4dfa565802d1a0bc7afae50bec&units=imperial&q=cape town,za"
Record 462 of 700 | bluff,"http://api.openweathermap.org/data/2.5/weather?APPID=7000bf4dfa565802d1a0bc7afae50bec&units=imperial&q=bluff,nz"
Record 463 of 700 | vung tau,"http://api.openweathermap.org/data/2.5/weather?APPID=7000bf4dfa565802d1a0bc7afae50bec&units=imperial&q=vung tau,vn"
Record 464 of 700 | lavrentiya,"http://api.openweathermap.org/data/2.5/weather?APPID=7000bf4dfa565802d1a0bc7afae50bec&units=imperial&q=lavrentiya,ru"
Record 465 of 700 | mount gambier,"http://api.openweathermap.org/data/2.5/weather?APPID=7000bf4dfa565802d1a0bc7afae50bec&units=imperial&q=mount gambier,au"
Record 468 of 700 | hilo,"http://api.openweathermap.org/data/2.5/weather?APPID=7000bf4dfa565802d1a0bc7afae50bec&units=imperial&q=hilo,us"
Record 469 of 700 | rockland,"http://api.openweathermap.org/data/2.5/weather?APPID=7000bf4dfa565802d1a0bc7afae50bec&units=imperial&q=rockland,us"
Record 470 of 700 | new norfolk,"http://api.openweathermap.org/data/2.5/weather?APPID=7000bf4dfa565802d1a0bc7afae50bec&units=imperial&q=new norfolk,au"
Record 472 of 700 | hithadhoo,"http://api.openweathermap.org/data/2.5/weather?APPID=7000bf4dfa565802d1a0bc7afae50bec&units=imperial&q=hithadhoo,mv"
Record 473 of 700 | victoria,"http://api.openweathermap.org/data/2.5/weather?APPID=7000bf4dfa565802d1a0bc7afae50bec&units=imperial&q=victoria,sc"
Record 474 of 700 | mirzapur,"http://api.openweathermap.org/data/2.5/weather?APPID=7000bf4dfa565802d1a0bc7afae50bec&units=imperial&q=mirzapur,in"
Record 475 of 700 | cherskiy,"http://api.openweathermap.org/data/2.5/weather?APPID=7000bf4dfa565802d1a0bc7afae50bec&units=imperial&q=cherskiy,ru"
Record 476 of 700 | tuktoyaktuk,"http://api.openweathermap.org/data/2.5/weather?APPID=7000bf4dfa565802d1a0bc7afae50bec&units=imperial&q=tuktoyaktuk,ca"
Record 477 of 700 | cidreira,"http://api.openweathermap.org/data/2.5/weather?APPID=7000bf4dfa565802d1a0bc7afae50bec&units=imperial&q=cidreira,br"
Record 480 of 700 | tuktoyaktuk,"http://api.openweathermap.org/data/2.5/weather?APPID=7000bf4dfa565802d1a0bc7afae50bec&units=imperial&q=tuktoyaktuk,ca"
Record 481 of 700 | georgetown,"http://api.openweathermap.org/data/2.5/weather?APPID=7000bf4dfa565802d1a0bc7afae50bec&units=imperial&q=georgetown,sh"
Record 482 of 700 | thompson,"http://api.openweathermap.org/data/2.5/weather?APPID=7000bf4dfa565802d1a0bc7afae50bec&units=imperial&q=thompson,ca"
Record 483 of 700 | vostok,"http://api.openweathermap.org/data/2.5/weather?APPID=7000bf4dfa565802d1a0bc7afae50bec&units=imperial&q=vostok,ru"
Record 484 of 700 | nanortalik,"http://api.openweathermap.org/data/2.5/weather?APPID=7000bf4dfa565802d1a0bc7afae50bec&units=imperial&q=nanortalik,gl"
Record 485 of 700 | avarua,"http://api.openweathermap.org/data/2.5/weather?APPID=7000bf4dfa565802d1a0bc7afae50bec&units=imperial&q=avarua,ck"
Record 486 of 700 | saskylakh,"http://api.openweathermap.org/data/2.5/weather?APPID=7000bf4dfa565802d1a0bc7afae50bec&units=imperial&q=saskylakh,ru"
Record 487 of 700 | batagay,"http://api.openweathermap.org/data/2.5/weather?APPID=7000bf4dfa565802d1a0bc7afae50bec&units=imperial&q=batagay,ru"
Record 488 of 700 | tumut,"http://api.openweathermap.org/data/2.5/weather?APPID=7000bf4dfa565802d1a0bc7afae50bec&units=imperial&q=tumut,au"
Record 489 of 700 | dunedin,"http://api.openweathermap.org/data/2.5/weather?APPID=7000bf4dfa565802d1a0bc7afae50bec&units=imperial&q=dunedin,nz"
Record 491 of 700 | bethel,"http://api.openweathermap.org/data/2.5/weather?APPID=7000bf4dfa565802d1a0bc7afae50bec&units=imperial&q=bethel,us"
Record 492 of 700 | albany,"http://api.openweathermap.org/data/2.5/weather?APPID=7000bf4dfa565802d1a0bc7afae50bec&units=imperial&q=albany,au"
Record 493 of 700 | tiptur,"http://api.openweathermap.org/data/2.5/weather?APPID=7000bf4dfa565802d1a0bc7afae50bec&units=imperial&q=tiptur,in"
Record 494 of 700 | hualmay,"http://api.openweathermap.org/data/2.5/weather?APPID=7000bf4dfa565802d1a0bc7afae50bec&units=imperial&q=hualmay,pe"
Record 495 of 700 | jamestown,"http://api.openweathermap.org/data/2.5/weather?APPID=7000bf4dfa565802d1a0bc7afae50bec&units=imperial&q=jamestown,sh"
Record 496 of 700 | moerai,"http://api.openweathermap.org/data/2.5/weather?APPID=7000bf4dfa565802d1a0bc7afae50bec&units=imperial&q=moerai,pf"
Record 497 of 700 | eureka,"http://api.openweathermap.org/data/2.5/weather?APPID=7000bf4dfa565802d1a0bc7afae50bec&units=imperial&q=eureka,us"
Record 499 of 700 | lorengau,"http://api.openweathermap.org/data/2.5/weather?APPID=7000bf4dfa565802d1a0bc7afae50bec&units=imperial&q=lorengau,pg"
Record 500 of 700 | lavrentiya,"http://api.openweathermap.org/data/2.5/weather?APPID=7000bf4dfa565802d1a0bc7afae50bec&units=imperial&q=lavrentiya,ru"
Record 501 of 700 | argelia,"http://api.openweathermap.org/data/2.5/weather?APPID=7000bf4dfa565802d1a0bc7afae50bec&units=imperial&q=argelia,co"
Record 502 of 700 | hermanus,"http://api.openweathermap.org/data/2.5/weather?APPID=7000bf4dfa565802d1a0bc7afae50bec&units=imperial&q=hermanus,za"
Record 503 of 700 | jamestown,"http://api.openweathermap.org/data/2.5/weather?APPID=7000bf4dfa565802d1a0bc7afae50bec&units=imperial&q=jamestown,sh"
Record 504 of 700 | ushuaia,"http://api.openweathermap.org/data/2.5/weather?APPID=7000bf4dfa565802d1a0bc7afae50bec&units=imperial&q=ushuaia,ar"
Record 505 of 700 | chokurdakh,"http://api.openweathermap.org/data/2.5/weather?APPID=7000bf4dfa565802d1a0bc7afae50bec&units=imperial&q=chokurdakh,ru"
Record 506 of 700 | thompson,"http://api.openweathermap.org/data/2.5/weather?APPID=7000bf4dfa565802d1a0bc7afae50bec&units=imperial&q=thompson,ca"
Record 507 of 700 | sao paulo de olivenca,"http://api.openweathermap.org/data/2.5/weather?APPID=7000bf4dfa565802d1a0bc7afae50bec&units=imperial&q=sao paulo de olivenca,br"
Record 508 of 700 | new norfolk,"http://api.openweathermap.org/data/2.5/weather?APPID=7000bf4dfa565802d1a0bc7afae50bec&units=imperial&q=new norfolk,au"
Record 509 of 700 | sompeta,"http://api.openweathermap.org/data/2.5/weather?APPID=7000bf4dfa565802d1a0bc7afae50bec&units=imperial&q=sompeta,in"
Record 510 of 700 | loudi,"http://api.openweathermap.org/data/2.5/weather?APPID=7000bf4dfa565802d1a0bc7afae50bec&units=imperial&q=loudi,cn"
Record 511 of 700 | praia da vitoria,"http://api.openweathermap.org/data/2.5/weather?APPID=7000bf4dfa565802d1a0bc7afae50bec&units=imperial&q=praia da vitoria,pt"
Record 512 of 700 | voh,"http://api.openweathermap.org/data/2.5/weather?APPID=7000bf4dfa565802d1a0bc7afae50bec&units=imperial&q=voh,nc"
Record 513 of 700 | okhotsk,"http://api.openweathermap.org/data/2.5/weather?APPID=7000bf4dfa565802d1a0bc7afae50bec&units=imperial&q=okhotsk,ru"
Record 514 of 700 | anadyr,"http://api.openweathermap.org/data/2.5/weather?APPID=7000bf4dfa565802d1a0bc7afae50bec&units=imperial&q=anadyr,ru"
Record 516 of 700 | rio gallegos,"http://api.openweathermap.org/data/2.5/weather?APPID=7000bf4dfa565802d1a0bc7afae50bec&units=imperial&q=rio gallegos,ar"
Record 517 of 700 | ushuaia,"http://api.openweathermap.org/data/2.5/weather?APPID=7000bf4dfa565802d1a0bc7afae50bec&units=imperial&q=ushuaia,ar"
Record 518 of 700 | hermanus,"http://api.openweathermap.org/data/2.5/weather?APPID=7000bf4dfa565802d1a0bc7afae50bec&units=imperial&q=hermanus,za"
Record 519 of 700 | rikitea,"http://api.openweathermap.org/data/2.5/weather?APPID=7000bf4dfa565802d1a0bc7afae50bec&units=imperial&q=rikitea,pf"
Record 520 of 700 | hilo,"http://api.openweathermap.org/data/2.5/weather?APPID=7000bf4dfa565802d1a0bc7afae50bec&units=imperial&q=hilo,us"
Record 521 of 700 | severo-kurilsk,"http://api.openweathermap.org/data/2.5/weather?APPID=7000bf4dfa565802d1a0bc7afae50bec&units=imperial&q=severo-kurilsk,ru"
Record 522 of 700 | castro,"http://api.openweathermap.org/data/2.5/weather?APPID=7000bf4dfa565802d1a0bc7afae50bec&units=imperial&q=castro,cl"
Record 523 of 700 | yellowknife,"http://api.openweathermap.org/data/2.5/weather?APPID=7000bf4dfa565802d1a0bc7afae50bec&units=imperial&q=yellowknife,ca"
Record 524 of 700 | nanortalik,"http://api.openweathermap.org/data/2.5/weather?APPID=7000bf4dfa565802d1a0bc7afae50bec&units=imperial&q=nanortalik,gl"
Record 525 of 700 | provideniya,"http://api.openweathermap.org/data/2.5/weather?APPID=7000bf4dfa565802d1a0bc7afae50bec&units=imperial&q=provideniya,ru"
Record 526 of 700 | jamestown,"http://api.openweathermap.org/data/2.5/weather?APPID=7000bf4dfa565802d1a0bc7afae50bec&units=imperial&q=jamestown,sh"
Record 527 of 700 | atuona,"http://api.openweathermap.org/data/2.5/weather?APPID=7000bf4dfa565802d1a0bc7afae50bec&units=imperial&q=atuona,pf"
Record 528 of 700 | rikitea,"http://api.openweathermap.org/data/2.5/weather?APPID=7000bf4dfa565802d1a0bc7afae50bec&units=imperial&q=rikitea,pf"
Record 529 of 700 | camacha,"http://api.openweathermap.org/data/2.5/weather?APPID=7000bf4dfa565802d1a0bc7afae50bec&units=imperial&q=camacha,pt"
Record 530 of 700 | vardo,"http://api.openweathermap.org/data/2.5/weather?APPID=7000bf4dfa565802d1a0bc7afae50bec&units=imperial&q=vardo,no"
Record 531 of 700 | hofn,"http://api.openweathermap.org/data/2.5/weather?APPID=7000bf4dfa565802d1a0bc7afae50bec&units=imperial&q=hofn,is"
Record 532 of 700 | cherskiy,"http://api.openweathermap.org/data/2.5/weather?APPID=7000bf4dfa565802d1a0bc7afae50bec&units=imperial&q=cherskiy,ru"
Record 533 of 700 | port alfred,"http://api.openweathermap.org/data/2.5/weather?APPID=7000bf4dfa565802d1a0bc7afae50bec&units=imperial&q=port alfred,za"
Record 534 of 700 | jumla,"http://api.openweathermap.org/data/2.5/weather?APPID=7000bf4dfa565802d1a0bc7afae50bec&units=imperial&q=jumla,np"
Record 535 of 700 | sorland,"http://api.openweathermap.org/data/2.5/weather?APPID=7000bf4dfa565802d1a0bc7afae50bec&units=imperial&q=sorland,no"
Record 536 of 700 | cape town,"http://api.openweathermap.org/data/2.5/weather?APPID=7000bf4dfa565802d1a0bc7afae50bec&units=imperial&q=cape town,za"
Record 538 of 700 | rikitea,"http://api.openweathermap.org/data/2.5/weather?APPID=7000bf4dfa565802d1a0bc7afae50bec&units=imperial&q=rikitea,pf"
Record 539 of 700 | dingle,"http://api.openweathermap.org/data/2.5/weather?APPID=7000bf4dfa565802d1a0bc7afae50bec&units=imperial&q=dingle,ie"
Record 540 of 700 | the valley,"http://api.openweathermap.org/data/2.5/weather?APPID=7000bf4dfa565802d1a0bc7afae50bec&units=imperial&q=the valley,ai"
Record 541 of 700 | laguna,"http://api.openweathermap.org/data/2.5/weather?APPID=7000bf4dfa565802d1a0bc7afae50bec&units=imperial&q=laguna,br"
Record 542 of 700 | racasdia,"http://api.openweathermap.org/data/2.5/weather?APPID=7000bf4dfa565802d1a0bc7afae50bec&units=imperial&q=racasdia,ro"
Record 543 of 700 | moerai,"http://api.openweathermap.org/data/2.5/weather?APPID=7000bf4dfa565802d1a0bc7afae50bec&units=imperial&q=moerai,pf"
Record 544 of 700 | hilo,"http://api.openweathermap.org/data/2.5/weather?APPID=7000bf4dfa565802d1a0bc7afae50bec&units=imperial&q=hilo,us"
Record 545 of 700 | saint-philippe,"http://api.openweathermap.org/data/2.5/weather?APPID=7000bf4dfa565802d1a0bc7afae50bec&units=imperial&q=saint-philippe,re"
Record 547 of 700 | teguldet,"http://api.openweathermap.org/data/2.5/weather?APPID=7000bf4dfa565802d1a0bc7afae50bec&units=imperial&q=teguldet,ru"
Record 548 of 700 | saint-pierre,"http://api.openweathermap.org/data/2.5/weather?APPID=7000bf4dfa565802d1a0bc7afae50bec&units=imperial&q=saint-pierre,re"
Record 549 of 700 | rikitea,"http://api.openweathermap.org/data/2.5/weather?APPID=7000bf4dfa565802d1a0bc7afae50bec&units=imperial&q=rikitea,pf"
Record 550 of 700 | souillac,"http://api.openweathermap.org/data/2.5/weather?APPID=7000bf4dfa565802d1a0bc7afae50bec&units=imperial&q=souillac,mu"
Record 551 of 700 | guerrero negro,"http://api.openweathermap.org/data/2.5/weather?APPID=7000bf4dfa565802d1a0bc7afae50bec&units=imperial&q=guerrero negro,mx"
Record 553 of 700 | chuy,"http://api.openweathermap.org/data/2.5/weather?APPID=7000bf4dfa565802d1a0bc7afae50bec&units=imperial&q=chuy,uy"
Record 554 of 700 | bluff,"http://api.openweathermap.org/data/2.5/weather?APPID=7000bf4dfa565802d1a0bc7afae50bec&units=imperial&q=bluff,nz"
Record 555 of 700 | yulara,"http://api.openweathermap.org/data/2.5/weather?APPID=7000bf4dfa565802d1a0bc7afae50bec&units=imperial&q=yulara,au"
Record 556 of 700 | cape town,"http://api.openweathermap.org/data/2.5/weather?APPID=7000bf4dfa565802d1a0bc7afae50bec&units=imperial&q=cape town,za"
Record 557 of 700 | vaini,"http://api.openweathermap.org/data/2.5/weather?APPID=7000bf4dfa565802d1a0bc7afae50bec&units=imperial&q=vaini,to"
Record 558 of 700 | sitka,"http://api.openweathermap.org/data/2.5/weather?APPID=7000bf4dfa565802d1a0bc7afae50bec&units=imperial&q=sitka,us"
Record 559 of 700 | puerto ayora,"http://api.openweathermap.org/data/2.5/weather?APPID=7000bf4dfa565802d1a0bc7afae50bec&units=imperial&q=puerto ayora,ec"
Record 560 of 700 | butaritari,"http://api.openweathermap.org/data/2.5/weather?APPID=7000bf4dfa565802d1a0bc7afae50bec&units=imperial&q=butaritari,ki"
Record 561 of 700 | sola,"http://api.openweathermap.org/data/2.5/weather?APPID=7000bf4dfa565802d1a0bc7afae50bec&units=imperial&q=sola,vu"
Record 562 of 700 | dikson,"http://api.openweathermap.org/data/2.5/weather?APPID=7000bf4dfa565802d1a0bc7afae50bec&units=imperial&q=dikson,ru"
Record 563 of 700 | qaanaaq,"http://api.openweathermap.org/data/2.5/weather?APPID=7000bf4dfa565802d1a0bc7afae50bec&units=imperial&q=qaanaaq,gl"
Record 564 of 700 | lilongwe,"http://api.openweathermap.org/data/2.5/weather?APPID=7000bf4dfa565802d1a0bc7afae50bec&units=imperial&q=lilongwe,mw"
Record 565 of 700 | sitka,"http://api.openweathermap.org/data/2.5/weather?APPID=7000bf4dfa565802d1a0bc7afae50bec&units=imperial&q=sitka,us"
Record 566 of 700 | hobart,"http://api.openweathermap.org/data/2.5/weather?APPID=7000bf4dfa565802d1a0bc7afae50bec&units=imperial&q=hobart,au"
Record 567 of 700 | esperance,"http://api.openweathermap.org/data/2.5/weather?APPID=7000bf4dfa565802d1a0bc7afae50bec&units=imperial&q=esperance,au"
Record 568 of 700 | saint-philippe,"http://api.openweathermap.org/data/2.5/weather?APPID=7000bf4dfa565802d1a0bc7afae50bec&units=imperial&q=saint-philippe,re"
Record 569 of 700 | zyryanka,"http://api.openweathermap.org/data/2.5/weather?APPID=7000bf4dfa565802d1a0bc7afae50bec&units=imperial&q=zyryanka,ru"
Record 570 of 700 | chatra,"http://api.openweathermap.org/data/2.5/weather?APPID=7000bf4dfa565802d1a0bc7afae50bec&units=imperial&q=chatra,in"
Record 571 of 700 | port alfred,"http://api.openweathermap.org/data/2.5/weather?APPID=7000bf4dfa565802d1a0bc7afae50bec&units=imperial&q=port alfred,za"
Record 572 of 700 | provideniya,"http://api.openweathermap.org/data/2.5/weather?APPID=7000bf4dfa565802d1a0bc7afae50bec&units=imperial&q=provideniya,ru"
Record 573 of 700 | chokurdakh,"http://api.openweathermap.org/data/2.5/weather?APPID=7000bf4dfa565802d1a0bc7afae50bec&units=imperial&q=chokurdakh,ru"
Record 574 of 700 | pieve di soligo,"http://api.openweathermap.org/data/2.5/weather?APPID=7000bf4dfa565802d1a0bc7afae50bec&units=imperial&q=pieve di soligo,it"
Record 575 of 700 | palmas,"http://api.openweathermap.org/data/2.5/weather?APPID=7000bf4dfa565802d1a0bc7afae50bec&units=imperial&q=palmas,br"
Record 576 of 700 | east london,"http://api.openweathermap.org/data/2.5/weather?APPID=7000bf4dfa565802d1a0bc7afae50bec&units=imperial&q=east london,za"
Record 577 of 700 | jamestown,"http://api.openweathermap.org/data/2.5/weather?APPID=7000bf4dfa565802d1a0bc7afae50bec&units=imperial&q=jamestown,sh"
Record 578 of 700 | rikitea,"http://api.openweathermap.org/data/2.5/weather?APPID=7000bf4dfa565802d1a0bc7afae50bec&units=imperial&q=rikitea,pf"
Record 579 of 700 | te anau,"http://api.openweathermap.org/data/2.5/weather?APPID=7000bf4dfa565802d1a0bc7afae50bec&units=imperial&q=te anau,nz"
Record 580 of 700 | busselton,"http://api.openweathermap.org/data/2.5/weather?APPID=7000bf4dfa565802d1a0bc7afae50bec&units=imperial&q=busselton,au"
Record 581 of 700 | puerto ayora,"http://api.openweathermap.org/data/2.5/weather?APPID=7000bf4dfa565802d1a0bc7afae50bec&units=imperial&q=puerto ayora,ec"
Record 582 of 700 | mkushi,"http://api.openweathermap.org/data/2.5/weather?APPID=7000bf4dfa565802d1a0bc7afae50bec&units=imperial&q=mkushi,zm"
Record 583 of 700 | butaritari,"http://api.openweathermap.org/data/2.5/weather?APPID=7000bf4dfa565802d1a0bc7afae50bec&units=imperial&q=butaritari,ki"
Record 584 of 700 | ponta do sol,"http://api.openweathermap.org/data/2.5/weather?APPID=7000bf4dfa565802d1a0bc7afae50bec&units=imperial&q=ponta do sol,cv"
Record 585 of 700 | salinas,"http://api.openweathermap.org/data/2.5/weather?APPID=7000bf4dfa565802d1a0bc7afae50bec&units=imperial&q=salinas,ec"
Record 586 of 700 | vyazemskiy,"http://api.openweathermap.org/data/2.5/weather?APPID=7000bf4dfa565802d1a0bc7afae50bec&units=imperial&q=vyazemskiy,ru"
Record 588 of 700 | nanortalik,"http://api.openweathermap.org/data/2.5/weather?APPID=7000bf4dfa565802d1a0bc7afae50bec&units=imperial&q=nanortalik,gl"
Record 589 of 700 | cape town,"http://api.openweathermap.org/data/2.5/weather?APPID=7000bf4dfa565802d1a0bc7afae50bec&units=imperial&q=cape town,za"
Record 590 of 700 | ponta do sol,"http://api.openweathermap.org/data/2.5/weather?APPID=7000bf4dfa565802d1a0bc7afae50bec&units=imperial&q=ponta do sol,cv"
Record 591 of 700 | cherskiy,"http://api.openweathermap.org/data/2.5/weather?APPID=7000bf4dfa565802d1a0bc7afae50bec&units=imperial&q=cherskiy,ru"
Record 592 of 700 | bluff,"http://api.openweathermap.org/data/2.5/weather?APPID=7000bf4dfa565802d1a0bc7afae50bec&units=imperial&q=bluff,nz"
Record 593 of 700 | norman wells,"http://api.openweathermap.org/data/2.5/weather?APPID=7000bf4dfa565802d1a0bc7afae50bec&units=imperial&q=norman wells,ca"
Record 594 of 700 | isangel,"http://api.openweathermap.org/data/2.5/weather?APPID=7000bf4dfa565802d1a0bc7afae50bec&units=imperial&q=isangel,vu"
Record 595 of 700 | geraldton,"http://api.openweathermap.org/data/2.5/weather?APPID=7000bf4dfa565802d1a0bc7afae50bec&units=imperial&q=geraldton,au"
Record 596 of 700 | saint-pierre,"http://api.openweathermap.org/data/2.5/weather?APPID=7000bf4dfa565802d1a0bc7afae50bec&units=imperial&q=saint-pierre,pm"
Record 597 of 700 | butaritari,"http://api.openweathermap.org/data/2.5/weather?APPID=7000bf4dfa565802d1a0bc7afae50bec&units=imperial&q=butaritari,ki"
Record 598 of 700 | rikitea,"http://api.openweathermap.org/data/2.5/weather?APPID=7000bf4dfa565802d1a0bc7afae50bec&units=imperial&q=rikitea,pf"
Record 599 of 700 | port lincoln,"http://api.openweathermap.org/data/2.5/weather?APPID=7000bf4dfa565802d1a0bc7afae50bec&units=imperial&q=port lincoln,au"
Record 600 of 700 | viedma,"http://api.openweathermap.org/data/2.5/weather?APPID=7000bf4dfa565802d1a0bc7afae50bec&units=imperial&q=viedma,ar"
Record 601 of 700 | hilo,"http://api.openweathermap.org/data/2.5/weather?APPID=7000bf4dfa565802d1a0bc7afae50bec&units=imperial&q=hilo,us"
Record 603 of 700 | makakilo city,"http://api.openweathermap.org/data/2.5/weather?APPID=7000bf4dfa565802d1a0bc7afae50bec&units=imperial&q=makakilo city,us"
Record 604 of 700 | luderitz,"http://api.openweathermap.org/data/2.5/weather?APPID=7000bf4dfa565802d1a0bc7afae50bec&units=imperial&q=luderitz,na"
Record 605 of 700 | puerto rondon,"http://api.openweathermap.org/data/2.5/weather?APPID=7000bf4dfa565802d1a0bc7afae50bec&units=imperial&q=puerto rondon,co"
Record 606 of 700 | fairbanks,"http://api.openweathermap.org/data/2.5/weather?APPID=7000bf4dfa565802d1a0bc7afae50bec&units=imperial&q=fairbanks,us"
Record 607 of 700 | brae,"http://api.openweathermap.org/data/2.5/weather?APPID=7000bf4dfa565802d1a0bc7afae50bec&units=imperial&q=brae,gb"
Record 608 of 700 | beringovskiy,"http://api.openweathermap.org/data/2.5/weather?APPID=7000bf4dfa565802d1a0bc7afae50bec&units=imperial&q=beringovskiy,ru"
Record 610 of 700 | hofn,"http://api.openweathermap.org/data/2.5/weather?APPID=7000bf4dfa565802d1a0bc7afae50bec&units=imperial&q=hofn,is"
Record 611 of 700 | bluff,"http://api.openweathermap.org/data/2.5/weather?APPID=7000bf4dfa565802d1a0bc7afae50bec&units=imperial&q=bluff,nz"
Record 613 of 700 | san patricio,"http://api.openweathermap.org/data/2.5/weather?APPID=7000bf4dfa565802d1a0bc7afae50bec&units=imperial&q=san patricio,mx"
Record 614 of 700 | shirokiy,"http://api.openweathermap.org/data/2.5/weather?APPID=7000bf4dfa565802d1a0bc7afae50bec&units=imperial&q=shirokiy,ru"
Record 615 of 700 | albany,"http://api.openweathermap.org/data/2.5/weather?APPID=7000bf4dfa565802d1a0bc7afae50bec&units=imperial&q=albany,au"
Record 618 of 700 | leningradskiy,"http://api.openweathermap.org/data/2.5/weather?APPID=7000bf4dfa565802d1a0bc7afae50bec&units=imperial&q=leningradskiy,ru"
Record 619 of 700 | tasiilaq,"http://api.openweathermap.org/data/2.5/weather?APPID=7000bf4dfa565802d1a0bc7afae50bec&units=imperial&q=tasiilaq,gl"
Record 620 of 700 | carnarvon,"http://api.openweathermap.org/data/2.5/weather?APPID=7000bf4dfa565802d1a0bc7afae50bec&units=imperial&q=carnarvon,au"
Record 621 of 700 | los llanos de aridane,"http://api.openweathermap.org/data/2.5/weather?APPID=7000bf4dfa565802d1a0bc7afae50bec&units=imperial&q=los llanos de aridane,es"
Record 622 of 700 | mahebourg,"http://api.openweathermap.org/data/2.5/weather?APPID=7000bf4dfa565802d1a0bc7afae50bec&units=imperial&q=mahebourg,mu"
Record 623 of 700 | tuktoyaktuk,"http://api.openweathermap.org/data/2.5/weather?APPID=7000bf4dfa565802d1a0bc7afae50bec&units=imperial&q=tuktoyaktuk,ca"
Record 624 of 700 | hithadhoo,"http://api.openweathermap.org/data/2.5/weather?APPID=7000bf4dfa565802d1a0bc7afae50bec&units=imperial&q=hithadhoo,mv"
Record 625 of 700 | fort nelson,"http://api.openweathermap.org/data/2.5/weather?APPID=7000bf4dfa565802d1a0bc7afae50bec&units=imperial&q=fort nelson,ca"
Record 626 of 700 | hobart,"http://api.openweathermap.org/data/2.5/weather?APPID=7000bf4dfa565802d1a0bc7afae50bec&units=imperial&q=hobart,au"
Record 627 of 700 | puerto ayora,"http://api.openweathermap.org/data/2.5/weather?APPID=7000bf4dfa565802d1a0bc7afae50bec&units=imperial&q=puerto ayora,ec"
Record 628 of 700 | coquimbo,"http://api.openweathermap.org/data/2.5/weather?APPID=7000bf4dfa565802d1a0bc7afae50bec&units=imperial&q=coquimbo,cl"
Record 629 of 700 | cape town,"http://api.openweathermap.org/data/2.5/weather?APPID=7000bf4dfa565802d1a0bc7afae50bec&units=imperial&q=cape town,za"
Record 630 of 700 | namibe,"http://api.openweathermap.org/data/2.5/weather?APPID=7000bf4dfa565802d1a0bc7afae50bec&units=imperial&q=namibe,ao"
Record 631 of 700 | qaanaaq,"http://api.openweathermap.org/data/2.5/weather?APPID=7000bf4dfa565802d1a0bc7afae50bec&units=imperial&q=qaanaaq,gl"
Record 632 of 700 | cockburn town,"http://api.openweathermap.org/data/2.5/weather?APPID=7000bf4dfa565802d1a0bc7afae50bec&units=imperial&q=cockburn town,tc"
Record 633 of 700 | aykhal,"http://api.openweathermap.org/data/2.5/weather?APPID=7000bf4dfa565802d1a0bc7afae50bec&units=imperial&q=aykhal,ru"
Record 635 of 700 | vaini,"http://api.openweathermap.org/data/2.5/weather?APPID=7000bf4dfa565802d1a0bc7afae50bec&units=imperial&q=vaini,to"
Record 636 of 700 | gympie,"http://api.openweathermap.org/data/2.5/weather?APPID=7000bf4dfa565802d1a0bc7afae50bec&units=imperial&q=gympie,au"
Record 637 of 700 | butaritari,"http://api.openweathermap.org/data/2.5/weather?APPID=7000bf4dfa565802d1a0bc7afae50bec&units=imperial&q=butaritari,ki"
Record 638 of 700 | bluff,"http://api.openweathermap.org/data/2.5/weather?APPID=7000bf4dfa565802d1a0bc7afae50bec&units=imperial&q=bluff,nz"
Record 639 of 700 | barrow,"http://api.openweathermap.org/data/2.5/weather?APPID=7000bf4dfa565802d1a0bc7afae50bec&units=imperial&q=barrow,us"
Record 640 of 700 | pirapemas,"http://api.openweathermap.org/data/2.5/weather?APPID=7000bf4dfa565802d1a0bc7afae50bec&units=imperial&q=pirapemas,br"
Record 641 of 700 | castro,"http://api.openweathermap.org/data/2.5/weather?APPID=7000bf4dfa565802d1a0bc7afae50bec&units=imperial&q=castro,cl"
Record 643 of 700 | saskylakh,"http://api.openweathermap.org/data/2.5/weather?APPID=7000bf4dfa565802d1a0bc7afae50bec&units=imperial&q=saskylakh,ru"
Record 644 of 700 | porto torres,"http://api.openweathermap.org/data/2.5/weather?APPID=7000bf4dfa565802d1a0bc7afae50bec&units=imperial&q=porto torres,it"
Record 645 of 700 | albany,"http://api.openweathermap.org/data/2.5/weather?APPID=7000bf4dfa565802d1a0bc7afae50bec&units=imperial&q=albany,au"
Record 646 of 700 | butaritari,"http://api.openweathermap.org/data/2.5/weather?APPID=7000bf4dfa565802d1a0bc7afae50bec&units=imperial&q=butaritari,ki"
Record 647 of 700 | khilok,"http://api.openweathermap.org/data/2.5/weather?APPID=7000bf4dfa565802d1a0bc7afae50bec&units=imperial&q=khilok,ru"
Record 648 of 700 | ubinskoye,"http://api.openweathermap.org/data/2.5/weather?APPID=7000bf4dfa565802d1a0bc7afae50bec&units=imperial&q=ubinskoye,ru"
Record 650 of 700 | krasnokamensk,"http://api.openweathermap.org/data/2.5/weather?APPID=7000bf4dfa565802d1a0bc7afae50bec&units=imperial&q=krasnokamensk,ru"
Record 652 of 700 | rikitea,"http://api.openweathermap.org/data/2.5/weather?APPID=7000bf4dfa565802d1a0bc7afae50bec&units=imperial&q=rikitea,pf"
Record 653 of 700 | yuryevets,"http://api.openweathermap.org/data/2.5/weather?APPID=7000bf4dfa565802d1a0bc7afae50bec&units=imperial&q=yuryevets,ru"
Record 654 of 700 | bredasdorp,"http://api.openweathermap.org/data/2.5/weather?APPID=7000bf4dfa565802d1a0bc7afae50bec&units=imperial&q=bredasdorp,za"
Record 655 of 700 | albany,"http://api.openweathermap.org/data/2.5/weather?APPID=7000bf4dfa565802d1a0bc7afae50bec&units=imperial&q=albany,au"
Record 656 of 700 | punta arenas,"http://api.openweathermap.org/data/2.5/weather?APPID=7000bf4dfa565802d1a0bc7afae50bec&units=imperial&q=punta arenas,cl"
Record 657 of 700 | cape town,"http://api.openweathermap.org/data/2.5/weather?APPID=7000bf4dfa565802d1a0bc7afae50bec&units=imperial&q=cape town,za"
Record 658 of 700 | praia da vitoria,"http://api.openweathermap.org/data/2.5/weather?APPID=7000bf4dfa565802d1a0bc7afae50bec&units=imperial&q=praia da vitoria,pt"
Record 659 of 700 | albany,"http://api.openweathermap.org/data/2.5/weather?APPID=7000bf4dfa565802d1a0bc7afae50bec&units=imperial&q=albany,au"
Record 660 of 700 | new norfolk,"http://api.openweathermap.org/data/2.5/weather?APPID=7000bf4dfa565802d1a0bc7afae50bec&units=imperial&q=new norfolk,au"
Record 661 of 700 | victor harbor,"http://api.openweathermap.org/data/2.5/weather?APPID=7000bf4dfa565802d1a0bc7afae50bec&units=imperial&q=victor harbor,au"
Record 662 of 700 | knysna,"http://api.openweathermap.org/data/2.5/weather?APPID=7000bf4dfa565802d1a0bc7afae50bec&units=imperial&q=knysna,za"
Record 663 of 700 | katsuura,"http://api.openweathermap.org/data/2.5/weather?APPID=7000bf4dfa565802d1a0bc7afae50bec&units=imperial&q=katsuura,jp"
Record 664 of 700 | ushuaia,"http://api.openweathermap.org/data/2.5/weather?APPID=7000bf4dfa565802d1a0bc7afae50bec&units=imperial&q=ushuaia,ar"
Record 665 of 700 | hasaki,"http://api.openweathermap.org/data/2.5/weather?APPID=7000bf4dfa565802d1a0bc7afae50bec&units=imperial&q=hasaki,jp"
Record 666 of 700 | port elizabeth,"http://api.openweathermap.org/data/2.5/weather?APPID=7000bf4dfa565802d1a0bc7afae50bec&units=imperial&q=port elizabeth,za"
Record 667 of 700 | narsipatnam,"http://api.openweathermap.org/data/2.5/weather?APPID=7000bf4dfa565802d1a0bc7afae50bec&units=imperial&q=narsipatnam,in"
Record 668 of 700 | khatanga,"http://api.openweathermap.org/data/2.5/weather?APPID=7000bf4dfa565802d1a0bc7afae50bec&units=imperial&q=khatanga,ru"
Record 669 of 700 | severo-kurilsk,"http://api.openweathermap.org/data/2.5/weather?APPID=7000bf4dfa565802d1a0bc7afae50bec&units=imperial&q=severo-kurilsk,ru"
Record 670 of 700 | castro,"http://api.openweathermap.org/data/2.5/weather?APPID=7000bf4dfa565802d1a0bc7afae50bec&units=imperial&q=castro,cl"
Record 671 of 700 | strezhevoy,"http://api.openweathermap.org/data/2.5/weather?APPID=7000bf4dfa565802d1a0bc7afae50bec&units=imperial&q=strezhevoy,ru"
Record 672 of 700 | georgetown,"http://api.openweathermap.org/data/2.5/weather?APPID=7000bf4dfa565802d1a0bc7afae50bec&units=imperial&q=georgetown,sh"
Record 673 of 700 | butaritari,"http://api.openweathermap.org/data/2.5/weather?APPID=7000bf4dfa565802d1a0bc7afae50bec&units=imperial&q=butaritari,ki"
Record 674 of 700 | east london,"http://api.openweathermap.org/data/2.5/weather?APPID=7000bf4dfa565802d1a0bc7afae50bec&units=imperial&q=east london,za"
Record 675 of 700 | jamestown,"http://api.openweathermap.org/data/2.5/weather?APPID=7000bf4dfa565802d1a0bc7afae50bec&units=imperial&q=jamestown,sh"
Record 676 of 700 | krasnaya gora,"http://api.openweathermap.org/data/2.5/weather?APPID=7000bf4dfa565802d1a0bc7afae50bec&units=imperial&q=krasnaya gora,ru"
Record 677 of 700 | east london,"http://api.openweathermap.org/data/2.5/weather?APPID=7000bf4dfa565802d1a0bc7afae50bec&units=imperial&q=east london,za"
Record 678 of 700 | komsomolskiy,"http://api.openweathermap.org/data/2.5/weather?APPID=7000bf4dfa565802d1a0bc7afae50bec&units=imperial&q=komsomolskiy,ru"
Record 679 of 700 | aklavik,"http://api.openweathermap.org/data/2.5/weather?APPID=7000bf4dfa565802d1a0bc7afae50bec&units=imperial&q=aklavik,ca"
Record 681 of 700 | dwarka,"http://api.openweathermap.org/data/2.5/weather?APPID=7000bf4dfa565802d1a0bc7afae50bec&units=imperial&q=dwarka,in"
Record 682 of 700 | klaksvik,"http://api.openweathermap.org/data/2.5/weather?APPID=7000bf4dfa565802d1a0bc7afae50bec&units=imperial&q=klaksvik,fo"
Record 683 of 700 | rochegda,"http://api.openweathermap.org/data/2.5/weather?APPID=7000bf4dfa565802d1a0bc7afae50bec&units=imperial&q=rochegda,ru"
Record 684 of 700 | montepuez,"http://api.openweathermap.org/data/2.5/weather?APPID=7000bf4dfa565802d1a0bc7afae50bec&units=imperial&q=montepuez,mz"
Record 685 of 700 | skagen,"http://api.openweathermap.org/data/2.5/weather?APPID=7000bf4dfa565802d1a0bc7afae50bec&units=imperial&q=skagen,dk"
Record 686 of 700 | coquimbo,"http://api.openweathermap.org/data/2.5/weather?APPID=7000bf4dfa565802d1a0bc7afae50bec&units=imperial&q=coquimbo,cl"
Record 687 of 700 | punta arenas,"http://api.openweathermap.org/data/2.5/weather?APPID=7000bf4dfa565802d1a0bc7afae50bec&units=imperial&q=punta arenas,cl"
Record 688 of 700 | richards bay,"http://api.openweathermap.org/data/2.5/weather?APPID=7000bf4dfa565802d1a0bc7afae50bec&units=imperial&q=richards bay,za"
Record 690 of 700 | teguise,"http://api.openweathermap.org/data/2.5/weather?APPID=7000bf4dfa565802d1a0bc7afae50bec&units=imperial&q=teguise,es"
Record 691 of 700 | hermanus,"http://api.openweathermap.org/data/2.5/weather?APPID=7000bf4dfa565802d1a0bc7afae50bec&units=imperial&q=hermanus,za"
Record 692 of 700 | georgetown,"http://api.openweathermap.org/data/2.5/weather?APPID=7000bf4dfa565802d1a0bc7afae50bec&units=imperial&q=georgetown,sh"
Record 693 of 700 | smithers,"http://api.openweathermap.org/data/2.5/weather?APPID=7000bf4dfa565802d1a0bc7afae50bec&units=imperial&q=smithers,ca"
Record 694 of 700 | albany,"http://api.openweathermap.org/data/2.5/weather?APPID=7000bf4dfa565802d1a0bc7afae50bec&units=imperial&q=albany,au"
Record 695 of 700 | ushuaia,"http://api.openweathermap.org/data/2.5/weather?APPID=7000bf4dfa565802d1a0bc7afae50bec&units=imperial&q=ushuaia,ar"
Record 696 of 700 | busselton,"http://api.openweathermap.org/data/2.5/weather?APPID=7000bf4dfa565802d1a0bc7afae50bec&units=imperial&q=busselton,au"
Record 697 of 700 | busselton,"http://api.openweathermap.org/data/2.5/weather?APPID=7000bf4dfa565802d1a0bc7afae50bec&units=imperial&q=busselton,au"
Record 698 of 700 | kahului,"http://api.openweathermap.org/data/2.5/weather?APPID=7000bf4dfa565802d1a0bc7afae50bec&units=imperial&q=kahului,us"
Record 699 of 700 | bay saint louis,"http://api.openweathermap.org/data/2.5/weather?APPID=7000bf4dfa565802d1a0bc7afae50bec&units=imperial&q=bay saint louis,us"
Record 700 of 700 | albany,"http://api.openweathermap.org/data/2.5/weather?APPID=7000bf4dfa565802d1a0bc7afae50bec&units=imperial&q=albany,au"
