Record 1 of 700 | hithadhoo,"http://api.openweathermap.org/data/2.5/weather?APPID=7000bf4dfa565802d1a0bc7afae50bec&units=imperial&q=hithadhoo,mv"
Record 2 of 700 | cape town,"http://api.openweathermap.org/data/2.5/weather?APPID=7000bf4dfa565802d1a0bc7afae50bec&units=imperial&q=cape town,za"
Record 3 of 700 | tuatapere,"http://api.openweathermap.org/data/2.5/weather?APPID=7000bf4dfa565802d1a0bc7afae50bec&units=imperial&q=tuatapere,nz"
Record 4 of 700 | talnakh,"http://api.openweathermap.org/data/2.5/weather?APPID=7000bf4dfa565802d1a0bc7afae50bec&units=imperial&q=talnakh,ru"
Record 5 of 700 | keti bandar,"http://api.openweathermap.org/data/2.5/weather?APPID=7000bf4dfa565802d1a0bc7afae50bec&units=imperial&q=keti bandar,pk"
Record 6 of 700 | vaini,"http://api.openweathermap.org/data/2.5/weather?APPID=7000bf4dfa565802d1a0bc7afae50bec&units=imperial&q=vaini,to"
Record 8 of 700 | khatanga,"http://api.openweathermap.org/data/2.5/weather?APPID=7000bf4dfa565802d1a0bc7afae50bec&units=imperial&q=khatanga,ru"
Record 9 of 700 | gondanglegi,"http://api.openweathermap.org/data/2.5/weather?APPID=7000bf4dfa565802d1a0bc7afae50bec&units=imperial&q=gondanglegi,id"
Record 10 of 700 | zagreb,"http://api.openweathermap.org/data/2.5/weather?APPID=7000bf4dfa565802d1a0bc7afae50bec&units=imperial&q=zagreb,hr"
Record 11 of 700 | albany,"http://api.openweathermap.org/data/2.5/weather?APPID=7000bf4dfa565802d1a0bc7afae50bec&units=imperial&q=albany,au"
Record 12 of 700 | nantucket,"http://api.openweathermap.org/data/2.5/weather?APPID=7000bf4dfa565802d1a0bc7afae50bec&units=imperial&q=nantucket,us"
Record 13 of 700 | hobart,"http://api.openweathermap.org/data/2.5/weather?APPID=7000bf4dfa565802d1a0bc7afae50bec&units=imperial&q=hobart,au"
Record 14 of 700 | vaini,"http://api.openweathermap.org/data/2.5/weather?APPID=7000bf4dfa565802d1a0bc7afae50bec&units=imperial&q=vaini,to"
Record 15 of 700 | tautira,"http://api.openweathermap.org/data/2.5/weather?APPID=7000bf4dfa565802d1a0bc7afae50bec&units=imperial&q=tautira,pf"
Record 16 of 700 | ada,"http://api.openweathermap.org/data/2.5/weather?APPID=7000bf4dfa565802d1a0bc7afae50bec&units=imperial&q=ada,us"
Record 17 of 700 | hilo,"http://api.openweathermap.org/data/2.5/weather?APPID=7000bf4dfa565802d1a0bc7afae50bec&units=imperial&q=hilo,us"
Record 18 of 700 | albany,"http://api.openweathermap.org/data/2.5/weather?APPID=7000bf4dfa565802d1a0bc7afae50bec&units=imperial&q=albany,au"
Record 19 of 700 | nerchinskiy zavod,"http://api.openweathermap.org/data/2.5/weather?APPID=7000bf4dfa565802d1a0bc7afae50bec&units=imperial&q=nerchinskiy zavod,ru"
Record 20 of 700 | castro,"http://api.openweathermap.org/data/2.5/weather?APPID=7000bf4dfa565802d1a0bc7afae50bec&units=imperial&q=castro,cl"
Record 21 of 700 | makarov,"http://api.openweathermap.org/data/2.5/weather?APPID=7000bf4dfa565802d1a0bc7afae50bec&units=imperial&q=makarov,ru"
Record 22 of 700 | longyearbyen,"http://api.openweathermap.org/data/2.5/weather?APPID=7000bf4dfa565802d1a0bc7afae50bec&units=imperial&q=longyearbyen,sj"
Record 23 of 700 | deputatskiy,"http://api.openweathermap.org/data/2.5/weather?APPID=7000bf4dfa565802d1a0bc7afae50bec&units=imperial&q=deputatskiy,ru"
Record 24 of 700 | show low,"http://api.openweathermap.org/data/2.5/weather?APPID=7000bf4dfa565802d1a0bc7afae50bec&units=imperial&q=show low,us"
Record 25 of 700 | tiksi,"http://api.openweathermap.org/data/2.5/weather?APPID=7000bf4dfa565802d1a0bc7afae50bec&units=imperial&q=tiksi,ru"
Record 26 of 700 | tiksi,"http://api.openweathermap.org/data/2.5/weather?APPID=7000bf4dfa565802d1a0bc7afae50bec&units=imperial&q=tiksi,ru"
Record 27 of 700 | dikson,"http://api.openweathermap.org/data/2.5/weather?APPID=7000bf4dfa565802d1a0bc7afae50bec&units=imperial&q=dikson,ru"
Record 28 of 700 | nikolskoye,"http://api.openweathermap.org/data/2.5/weather?APPID=7000bf4dfa565802d1a0bc7afae50bec&units=imperial&q=nikolskoye,ru"
Record 30 of 700 | port alfred,"http://api.openweathermap.org/data/2.5/weather?APPID=7000bf4dfa565802d1a0bc7afae50bec&units=imperial&q=port alfred,za"
Record 31 of 700 | saint-joseph,"http://api.openweathermap.org/data/2.5/weather?APPID=7000bf4dfa565802d1a0bc7afae50bec&units=imperial&q=saint-joseph,re"
Record 32 of 700 | rikitea,"http://api.openweathermap.org/data/2.5/weather?APPID=7000bf4dfa565802d1a0bc7afae50bec&units=imperial&q=rikitea,pf"
Record 33 of 700 | morant bay,"http://api.openweathermap.org/data/2.5/weather?APPID=7000bf4dfa565802d1a0bc7afae50bec&units=imperial&q=morant bay,jm"
Record 34 of 700 | ketchikan,"http://api.openweathermap.org/data/2.5/weather?APPID=7000bf4dfa565802d1a0bc7afae50bec&units=imperial&q=ketchikan,us"
Record 35 of 700 | san cristobal,"http://api.openweathermap.org/data/2.5/weather?APPID=7000bf4dfa565802d1a0bc7afae50bec&units=imperial&q=san cristobal,ec"
Record 37 of 700 | dikson,"http://api.openweathermap.org/data/2.5/weather?APPID=7000bf4dfa565802d1a0bc7afae50bec&units=imperial&q=dikson,ru"
Record 38 of 700 | ishigaki,"http://api.openweathermap.org/data/2.5/weather?APPID=7000bf4dfa565802d1a0bc7afae50bec&units=imperial&q=ishigaki,jp"
Record 39 of 700 | talnakh,"http://api.openweathermap.org/data/2.5/weather?APPID=7000bf4dfa565802d1a0bc7afae50bec&units=imperial&q=talnakh,ru"
Record 40 of 700 | saint-philippe,"http://api.openweathermap.org/data/2.5/weather?APPID=7000bf4dfa565802d1a0bc7afae50bec&units=imperial&q=saint-philippe,re"
Record 41 of 700 | new norfolk,"http://api.openweathermap.org/data/2.5/weather?APPID=7000bf4dfa565802d1a0bc7afae50bec&units=imperial&q=new norfolk,au"
Record 42 of 700 | turbat,"http://api.openweathermap.org/data/2.5/weather?APPID=7000bf4dfa565802d1a0bc7afae50bec&units=imperial&q=turbat,pk"
Record 43 of 700 | kapaa,"http://api.openweathermap.org/data/2.5/weather?APPID=7000bf4dfa565802d1a0bc7afae50bec&units=imperial&q=kapaa,us"
Record 44 of 700 | nikolskoye,"http://api.openweathermap.org/data/2.5/weather?APPID=7000bf4dfa565802d1a0bc7afae50bec&units=imperial&q=nikolskoye,ru"
Record 45 of 700 | khatanga,"http://api.openweathermap.org/data/2.5/weather?APPID=7000bf4dfa565802d1a0bc7afae50bec&units=imperial&q=khatanga,ru"
Record 46 of 700 | ponta do sol,"http://api.openweathermap.org/data/2.5/weather?APPID=7000bf4dfa565802d1a0bc7afae50bec&units=imperial&q=ponta do sol,cv"
Record 47 of 700 | geraldton,"http://api.openweathermap.org/data/2.5/weather?APPID=7000bf4dfa565802d1a0bc7afae50bec&units=imperial&q=geraldton,ca"
Record 48 of 700 | ushuaia,"http://api.openweathermap.org/data/2.5/weather?APPID=7000bf4dfa565802d1a0bc7afae50bec&units=imperial&q=ushuaia,ar"
Record 49 of 700 | rikitea,"http://api.openweathermap.org/data/2.5/weather?APPID=7000bf4dfa565802d1a0bc7afae50bec&units=imperial&q=rikitea,pf"
Record 50 of 700 | qaanaaq,"http://api.openweathermap.org/data/2.5/weather?APPID=7000bf4dfa565802d1a0bc7afae50bec&units=imperial&q=qaanaaq,gl"
Record 51 of 700 | puerto ayora,"http://api.openweathermap.org/data/2.5/weather?APPID=7000bf4dfa565802d1a0bc7afae50bec&units=imperial&q=puerto ayora,ec"
Record 52 of 700 | ullapool,"http://api.openweathermap.org/data/2.5/weather?APPID=7000bf4dfa565802d1a0bc7afae50bec&units=imperial&q=ullapool,gb"
Record 55 of 700 | saint-leu,"http://api.openweathermap.org/data/2.5/weather?APPID=7000bf4dfa565802d1a0bc7afae50bec&units=imperial&q=saint-leu,re"
Record 56 of 700 | hermanus,"http://api.openweathermap.org/data/2.5/weather?APPID=7000bf4dfa565802d1a0bc7afae50bec&units=imperial&q=hermanus,za"
Record 57 of 700 | ilulissat,"http://api.openweathermap.org/data/2.5/weather?APPID=7000bf4dfa565802d1a0bc7afae50bec&units=imperial&q=ilulissat,gl"
Record 59 of 700 | whyalla,"http://api.openweathermap.org/data/2.5/weather?APPID=7000bf4dfa565802d1a0bc7afae50bec&units=imperial&q=whyalla,au"
Record 60 of 700 | ushuaia,"http://api.openweathermap.org/data/2.5/weather?APPID=7000bf4dfa565802d1a0bc7afae50bec&units=imperial&q=ushuaia,ar"
Record 61 of 700 | bam,"http://api.openweathermap.org/data/2.5/weather?APPID=7000bf4dfa565802d1a0bc7afae50bec&units=imperial&q=bam,ir"
Record 62 of 700 | castro,"http://api.openweathermap.org/data/2.5/weather?APPID=7000bf4dfa565802d1a0bc7afae50bec&units=imperial&q=castro,cl"
Record 63 of 700 | busselton,"http://api.openweathermap.org/data/2.5/weather?APPID=7000bf4dfa565802d1a0bc7afae50bec&units=imperial&q=busselton,au"
Record 64 of 700 | san andres,"http://api.openweathermap.org/data/2.5/weather?APPID=7000bf4dfa565802d1a0bc7afae50bec&units=imperial&q=san andres,co"
Record 65 of 700 | rikitea,"http://api.openweathermap.org/data/2.5/weather?APPID=7000bf4dfa565802d1a0bc7afae50bec&units=imperial&q=rikitea,pf"
Record 66 of 700 | lebu,"http://api.openweathermap.org/data/2.5/weather?APPID=7000bf4dfa565802d1a0bc7afae50bec&units=imperial&q=lebu,cl"
Record 67 of 700 | geraldton,"http://api.openweathermap.org/data/2.5/weather?APPID=7000bf4dfa565802d1a0bc7afae50bec&units=imperial&q=geraldton,au"
Record 68 of 700 | qaanaaq,"http://api.openweathermap.org/data/2.5/weather?APPID=7000bf4dfa565802d1a0bc7afae50bec&units=imperial&q=qaanaaq,gl"
Record 69 of 700 | shache,"http://api.openweathermap.org/data/2.5/weather?APPID=7000bf4dfa565802d1a0bc7afae50bec&units=imperial&q=shache,cn"
Record 70 of 700 | port alfred,"http://api.openweathermap.org/data/2.5/weather?APPID=7000bf4dfa565802d1a0bc7afae50bec&units=imperial&q=port alfred,za"
Record 71 of 700 | albany,"http://api.openweathermap.org/data/2.5/weather?APPID=7000bf4dfa565802d1a0bc7afae50bec&units=imperial&q=albany,au"
Record 72 of 700 | nikolskoye,"http://api.openweathermap.org/data/2.5/weather?APPID=7000bf4dfa565802d1a0bc7afae50bec&units=imperial&q=nikolskoye,ru"
Record 73 of 700 | port augusta,"http://api.openweathermap.org/data/2.5/weather?APPID=7000bf4dfa565802d1a0bc7afae50bec&units=imperial&q=port augusta,au"
Record 74 of 700 | viedma,"http://api.openweathermap.org/data/2.5/weather?APPID=7000bf4dfa565802d1a0bc7afae50bec&units=imperial&q=viedma,ar"
Record 75 of 700 | svetlaya,"http://api.openweathermap.org/data/2.5/weather?APPID=7000bf4dfa565802d1a0bc7afae50bec&units=imperial&q=svetlaya,ru"
Record 76 of 700 | busselton,"http://api.openweathermap.org/data/2.5/weather?APPID=7000bf4dfa565802d1a0bc7afae50bec&units=imperial&q=busselton,au"
Record 77 of 700 | khatanga,"http://api.openweathermap.org/data/2.5/weather?APPID=7000bf4dfa565802d1a0bc7afae50bec&units=imperial&q=khatanga,ru"
Record 78 of 700 | nabire,"http://api.openweathermap.org/data/2.5/weather?APPID=7000bf4dfa565802d1a0bc7afae50bec&units=imperial&q=nabire,id"
Record 79 of 700 | mount gambier,"http://api.openweathermap.org/data/2.5/weather?APPID=7000bf4dfa565802d1a0bc7afae50bec&units=imperial&q=mount gambier,au"
Record 80 of 700 | atuona,"http://api.openweathermap.org/data/2.5/weather?APPID=7000bf4dfa565802d1a0bc7afae50bec&units=imperial&q=atuona,pf"
Record 81 of 700 | bredasdorp,"http://api.openweathermap.org/data/2.5/weather?APPID=7000bf4dfa565802d1a0bc7afae50bec&units=imperial&q=bredasdorp,za"
Record 83 of 700 | bethel,"http://api.openweathermap.org/data/2.5/weather?APPID=7000bf4dfa565802d1a0bc7afae50bec&units=imperial&q=bethel,us"
Record 84 of 700 | rikitea,"http://api.openweathermap.org/data/2.5/weather?APPID=7000bf4dfa565802d1a0bc7afae50bec&units=imperial&q=rikitea,pf"
Record 85 of 700 | bourail,"http://api.openweathermap.org/data/2.5/weather?APPID=7000bf4dfa565802d1a0bc7afae50bec&units=imperial&q=bourail,nc"
Record 86 of 700 | ozernovskiy,"http://api.openweathermap.org/data/2.5/weather?APPID=7000bf4dfa565802d1a0bc7afae50bec&units=imperial&q=ozernovskiy,ru"
Record 87 of 700 | villaviciosa,"http://api.openweathermap.org/data/2.5/weather?APPID=7000bf4dfa565802d1a0bc7afae50bec&units=imperial&q=villaviciosa,es"
Record 90 of 700 | talnakh,"http://api.openweathermap.org/data/2.5/weather?APPID=7000bf4dfa565802d1a0bc7afae50bec&units=imperial&q=talnakh,ru"
Record 91 of 700 | butaritari,"http://api.openweathermap.org/data/2.5/weather?APPID=7000bf4dfa565802d1a0bc7afae50bec&units=imperial&q=butaritari,ki"
Record 92 of 700 | rikitea,"http://api.openweathermap.org/data/2.5/weather?APPID=7000bf4dfa565802d1a0bc7afae50bec&units=imperial&q=rikitea,pf"
Record 93 of 700 | necochea,"http://api.openweathermap.org/data/2.5/weather?APPID=7000bf4dfa565802d1a0bc7afae50bec&units=imperial&q=necochea,ar"
Record 94 of 700 | mantena,"http://api.openweathermap.org/data/2.5/weather?APPID=7000bf4dfa565802d1a0bc7afae50bec&units=imperial&q=mantena,br"
Record 95 of 700 | yellowknife,"http://api.openweathermap.org/data/2.5/weather?APPID=7000bf4dfa565802d1a0bc7afae50bec&units=imperial&q=yellowknife,ca"
Record 96 of 700 | hilo,"http://api.openweathermap.org/data/2.5/weather?APPID=7000bf4dfa565802d1a0bc7afae50bec&units=imperial&q=hilo,us"
Record 97 of 700 | iqaluit,"http://api.openweathermap.org/data/2.5/weather?APPID=7000bf4dfa565802d1a0bc7afae50bec&units=imperial&q=iqaluit,ca"
Record 98 of 700 | kisaran,"http://api.openweathermap.org/data/2.5/weather?APPID=7000bf4dfa565802d1a0bc7afae50bec&units=imperial&q=kisaran,id"
Record 99 of 700 | talnakh,"http://api.openweathermap.org/data/2.5/weather?APPID=7000bf4dfa565802d1a0bc7afae50bec&units=imperial&q=talnakh,ru"
Record 100 of 700 | busselton,"http://api.openweathermap.org/data/2.5/weather?APPID=7000bf4dfa565802d1a0bc7afae50bec&units=imperial&q=busselton,au"
Record 101 of 700 | sola,"http://api.openweathermap.org/data/2.5/weather?APPID=7000bf4dfa565802d1a0bc7afae50bec&units=imperial&q=sola,vu"
Record 103 of 700 | pindi gheb,"http://api.openweathermap.org/data/2.5/weather?APPID=7000bf4dfa565802d1a0bc7afae50bec&units=imperial&q=pindi gheb,pk"
Record 104 of 700 | doha,"http://api.openweathermap.org/data/2.5/weather?APPID=7000bf4dfa565802d1a0bc7afae50bec&units=imperial&q=doha,qa"
Record 105 of 700 | mukhtolovo,"http://api.openweathermap.org/data/2.5/weather?APPID=7000bf4dfa565802d1a0bc7afae50bec&units=imperial&q=mukhtolovo,ru"
Record 106 of 700 | port alfred,"http://api.openweathermap.org/data/2.5/weather?APPID=7000bf4dfa565802d1a0bc7afae50bec&units=imperial&q=port alfred,za"
Record 107 of 700 | new norfolk,"http://api.openweathermap.org/data/2.5/weather?APPID=7000bf4dfa565802d1a0bc7afae50bec&units=imperial&q=new norfolk,au"
Record 108 of 700 | amapa,"http://api.openweathermap.org/data/2.5/weather?APPID=7000bf4dfa565802d1a0bc7afae50bec&units=imperial&q=amapa,br"
Record 110 of 700 | ancud,"http://api.openweathermap.org/data/2.5/weather?APPID=7000bf4dfa565802d1a0bc7afae50bec&units=imperial&q=ancud,cl"
Record 111 of 700 | saskylakh,"http://api.openweathermap.org/data/2.5/weather?APPID=7000bf4dfa565802d1a0bc7afae50bec&units=imperial&q=saskylakh,ru"
Record 112 of 700 | jamestown,"http://api.openweathermap.org/data/2.5/weather?APPID=7000bf4dfa565802d1a0bc7afae50bec&units=imperial&q=jamestown,sh"
Record 113 of 700 | vredendal,"http://api.openweathermap.org/data/2.5/weather?APPID=7000bf4dfa565802d1a0bc7afae50bec&units=imperial&q=vredendal,za"
Record 114 of 700 | yellowknife,"http://api.openweathermap.org/data/2.5/weather?APPID=7000bf4dfa565802d1a0bc7afae50bec&units=imperial&q=yellowknife,ca"
Record 115 of 700 | carutapera,"http://api.openweathermap.org/data/2.5/weather?APPID=7000bf4dfa565802d1a0bc7afae50bec&units=imperial&q=carutapera,br"
Record 117 of 700 | east london,"http://api.openweathermap.org/data/2.5/weather?APPID=7000bf4dfa565802d1a0bc7afae50bec&units=imperial&q=east london,za"
Record 119 of 700 | chuy,"http://api.openweathermap.org/data/2.5/weather?APPID=7000bf4dfa565802d1a0bc7afae50bec&units=imperial&q=chuy,uy"
Record 120 of 700 | busselton,"http://api.openweathermap.org/data/2.5/weather?APPID=7000bf4dfa565802d1a0bc7afae50bec&units=imperial&q=busselton,au"
Record 121 of 700 | san patricio,"http://api.openweathermap.org/data/2.5/weather?APPID=7000bf4dfa565802d1a0bc7afae50bec&units=imperial&q=san patricio,mx"
Record 122 of 700 | tubuala,"http://api.openweathermap.org/data/2.5/weather?APPID=7000bf4dfa565802d1a0bc7afae50bec&units=imperial&q=tubuala,pa"
Record 123 of 700 | aksu,"http://api.openweathermap.org/data/2.5/weather?APPID=7000bf4dfa565802d1a0bc7afae50bec&units=imperial&q=aksu,cn"
Record 124 of 700 | abay,"http://api.openweathermap.org/data/2.5/weather?APPID=7000bf4dfa565802d1a0bc7afae50bec&units=imperial&q=abay,kz"
Record 125 of 700 | clyde river,"http://api.openweathermap.org/data/2.5/weather?APPID=7000bf4dfa565802d1a0bc7afae50bec&units=imperial&q=clyde river,ca"
Record 126 of 700 | ushuaia,"http://api.openweathermap.org/data/2.5/weather?APPID=7000bf4dfa565802d1a0bc7afae50bec&units=imperial&q=ushuaia,ar"
Record 128 of 700 | victoria,"http://api.openweathermap.org/data/2.5/weather?APPID=7000bf4dfa565802d1a0bc7afae50bec&units=imperial&q=victoria,sc"
Record 129 of 700 | mogok,"http://api.openweathermap.org/data/2.5/weather?APPID=7000bf4dfa565802d1a0bc7afae50bec&units=imperial&q=mogok,mm"
Record 130 of 700 | nishihara,"http://api.openweathermap.org/data/2.5/weather?APPID=7000bf4dfa565802d1a0bc7afae50bec&units=imperial&q=nishihara,jp"
Record 131 of 700 | puerto ayora,"http://api.openweathermap.org/data/2.5/weather?APPID=7000bf4dfa565802d1a0bc7afae50bec&units=imperial&q=puerto ayora,ec"
Record 132 of 700 | san rafael,"http://api.openweathermap.org/data/2.5/weather?APPID=7000bf4dfa565802d1a0bc7afae50bec&units=imperial&q=san rafael,ar"
Record 133 of 700 | arraial do cabo,"http://api.openweathermap.org/data/2.5/weather?APPID=7000bf4dfa565802d1a0bc7afae50bec&units=imperial&q=arraial do cabo,br"
Record 135 of 700 | les cayes,"http://api.openweathermap.org/data/2.5/weather?APPID=7000bf4dfa565802d1a0bc7afae50bec&units=imperial&q=les cayes,ht"
Record 136 of 700 | vaini,"http://api.openweathermap.org/data/2.5/weather?APPID=7000bf4dfa565802d1a0bc7afae50bec&units=imperial&q=vaini,to"
Record 137 of 700 | saint-philippe,"http://api.openweathermap.org/data/2.5/weather?APPID=7000bf4dfa565802d1a0bc7afae50bec&units=imperial&q=saint-philippe,re"
Record 138 of 700 | santa maria,"http://api.openweathermap.org/data/2.5/weather?APPID=7000bf4dfa565802d1a0bc7afae50bec&units=imperial&q=santa maria,cv"
Record 139 of 700 | high level,"http://api.openweathermap.org/data/2.5/weather?APPID=7000bf4dfa565802d1a0bc7afae50bec&units=imperial&q=high level,ca"
Record 140 of 700 | tuktoyaktuk,"http://api.openweathermap.org/data/2.5/weather?APPID=7000bf4dfa565802d1a0bc7afae50bec&units=imperial&q=tuktoyaktuk,ca"
Record 142 of 700 | dikson,"http://api.openweathermap.org/data/2.5/weather?APPID=7000bf4dfa565802d1a0bc7afae50bec&units=imperial&q=dikson,ru"
Record 143 of 700 | pathein,"http://api.openweathermap.org/data/2.5/weather?APPID=7000bf4dfa565802d1a0bc7afae50bec&units=imperial&q=pathein,mm"
Record 144 of 700 | nome,"http://api.openweathermap.org/data/2.5/weather?APPID=7000bf4dfa565802d1a0bc7afae50bec&units=imperial&q=nome,us"
Record 145 of 700 | nalut,"http://api.openweathermap.org/data/2.5/weather?APPID=7000bf4dfa565802d1a0bc7afae50bec&units=imperial&q=nalut,ly"
Record 146 of 700 | puerto ayora,"http://api.openweathermap.org/data/2.5/weather?APPID=7000bf4dfa565802d1a0bc7afae50bec&units=imperial&q=puerto ayora,ec"
Record 147 of 700 | chokurdakh,"http://api.openweathermap.org/data/2.5/weather?APPID=7000bf4dfa565802d1a0bc7afae50bec&units=imperial&q=chokurdakh,ru"
Record 148 of 700 | bayangol,"http://api.openweathermap.org/data/2.5/weather?APPID=7000bf4dfa565802d1a0bc7afae50bec&units=imperial&q=bayangol,ru"
Record 149 of 700 | cape town,"http://api.openweathermap.org/data/2.5/weather?APPID=7000bf4dfa565802d1a0bc7afae50bec&units=imperial&q=cape town,za"
Record 150 of 700 | zhangye,"http://api.openweathermap.org/data/2.5/weather?APPID=7000bf4dfa565802d1a0bc7afae50bec&units=imperial&q=zhangye,cn"
Record 152 of 700 | rikitea,"http://api.openweathermap.org/data/2.5/weather?APPID=7000bf4dfa565802d1a0bc7afae50bec&units=imperial&q=rikitea,pf"
Record 153 of 700 | jand,"http://api.openweathermap.org/data/2.5/weather?APPID=7000bf4dfa565802d1a0bc7afae50bec&units=imperial&q=jand,pk"
Record 154 of 700 | jamestown,"http://api.openweathermap.org/data/2.5/weather?APPID=7000bf4dfa565802d1a0bc7afae50bec&units=imperial&q=jamestown,sh"
Record 155 of 700 | jamestown,"http://api.openweathermap.org/data/2.5/weather?APPID=7000bf4dfa565802d1a0bc7afae50bec&units=imperial&q=jamestown,sh"
Record 156 of 700 | teguldet,"http://api.openweathermap.org/data/2.5/weather?APPID=7000bf4dfa565802d1a0bc7afae50bec&units=imperial&q=teguldet,ru"
Record 157 of 700 | ushuaia,"http://api.openweathermap.org/data/2.5/weather?APPID=7000bf4dfa565802d1a0bc7afae50bec&units=imperial&q=ushuaia,ar"
Record 158 of 700 | ginir,"http://api.openweathermap.org/data/2.5/weather?APPID=7000bf4dfa565802d1a0bc7afae50bec&units=imperial&q=ginir,et"
Record 159 of 700 | rikitea,"http://api.openweathermap.org/data/2.5/weather?APPID=7000bf4dfa565802d1a0bc7afae50bec&units=imperial&q=rikitea,pf"
Record 160 of 700 | hilo,"http://api.openweathermap.org/data/2.5/weather?APPID=7000bf4dfa565802d1a0bc7afae50bec&units=imperial&q=hilo,us"
Record 161 of 700 | thompson,"http://api.openweathermap.org/data/2.5/weather?APPID=7000bf4dfa565802d1a0bc7afae50bec&units=imperial&q=thompson,ca"
Record 162 of 700 | hobart,"http://api.openweathermap.org/data/2.5/weather?APPID=7000bf4dfa565802d1a0bc7afae50bec&units=imperial&q=hobart,au"
Record 164 of 700 | chapleau,"http://api.openweathermap.org/data/2.5/weather?APPID=7000bf4dfa565802d1a0bc7afae50bec&units=imperial&q=chapleau,ca"
Record 166 of 700 | nikolskoye,"http://api.openweathermap.org/data/2.5/weather?APPID=7000bf4dfa565802d1a0bc7afae50bec&units=imperial&q=nikolskoye,ru"
Record 167 of 700 | atuona,"http://api.openweathermap.org/data/2.5/weather?APPID=7000bf4dfa565802d1a0bc7afae50bec&units=imperial&q=atuona,pf"
Record 169 of 700 | busselton,"http://api.openweathermap.org/data/2.5/weather?APPID=7000bf4dfa565802d1a0bc7afae50bec&units=imperial&q=busselton,au"
Record 170 of 700 | geraldton,"http://api.openweathermap.org/data/2.5/weather?APPID=7000bf4dfa565802d1a0bc7afae50bec&units=imperial&q=geraldton,au"
Record 171 of 700 | hobart,"http://api.openweathermap.org/data/2.5/weather?APPID=7000bf4dfa565802d1a0bc7afae50bec&units=imperial&q=hobart,au"
Record 172 of 700 | rikitea,"http://api.openweathermap.org/data/2.5/weather?APPID=7000bf4dfa565802d1a0bc7afae50bec&units=imperial&q=rikitea,pf"
Record 173 of 700 | kavieng,"http://api.openweathermap.org/data/2.5/weather?APPID=7000bf4dfa565802d1a0bc7afae50bec&units=imperial&q=kavieng,pg"
Record 174 of 700 | hinton,"http://api.openweathermap.org/data/2.5/weather?APPID=7000bf4dfa565802d1a0bc7afae50bec&units=imperial&q=hinton,ca"
Record 175 of 700 | saint-philippe,"http://api.openweathermap.org/data/2.5/weather?APPID=7000bf4dfa565802d1a0bc7afae50bec&units=imperial&q=saint-philippe,re"
Record 176 of 700 | ushuaia,"http://api.openweathermap.org/data/2.5/weather?APPID=7000bf4dfa565802d1a0bc7afae50bec&units=imperial&q=ushuaia,ar"
Record 177 of 700 | rikitea,"http://api.openweathermap.org/data/2.5/weather?APPID=7000bf4dfa565802d1a0bc7afae50bec&units=imperial&q=rikitea,pf"
Record 178 of 700 | puerto ayora,"http://api.openweathermap.org/data/2.5/weather?APPID=7000bf4dfa565802d1a0bc7afae50bec&units=imperial&q=puerto ayora,ec"
Record 179 of 700 | port-cartier,"http://api.openweathermap.org/data/2.5/weather?APPID=7000bf4dfa565802d1a0bc7afae50bec&units=imperial&q=port-cartier,ca"
Record 181 of 700 | cherskiy,"http://api.openweathermap.org/data/2.5/weather?APPID=7000bf4dfa565802d1a0bc7afae50bec&units=imperial&q=cherskiy,ru"
Record 182 of 700 | kodiak,"http://api.openweathermap.org/data/2.5/weather?APPID=7000bf4dfa565802d1a0bc7afae50bec&units=imperial&q=kodiak,us"
Record 183 of 700 | trinidad,"http://api.openweathermap.org/data/2.5/weather?APPID=7000bf4dfa565802d1a0bc7afae50bec&units=imperial&q=trinidad,bo"
Record 184 of 700 | albany,"http://api.openweathermap.org/data/2.5/weather?APPID=7000bf4dfa565802d1a0bc7afae50bec&units=imperial&q=albany,au"
Record 185 of 700 | abha,"http://api.openweathermap.org/data/2.5/weather?APPID=7000bf4dfa565802d1a0bc7afae50bec&units=imperial&q=abha,sa"
Record 187 of 700 | yenagoa,"http://api.openweathermap.org/data/2.5/weather?APPID=7000bf4dfa565802d1a0bc7afae50bec&units=imperial&q=yenagoa,ng"
Record 188 of 700 | tuktoyaktuk,"http://api.openweathermap.org/data/2.5/weather?APPID=7000bf4dfa565802d1a0bc7afae50bec&units=imperial&q=tuktoyaktuk,ca"
Record 189 of 700 | rikitea,"http://api.openweathermap.org/data/2.5/weather?APPID=7000bf4dfa565802d1a0bc7afae50bec&units=imperial&q=rikitea,pf"
Record 190 of 700 | ambon,"http://api.openweathermap.org/data/2.5/weather?APPID=7000bf4dfa565802d1a0bc7afae50bec&units=imperial&q=ambon,id"
Record 191 of 700 | longyearbyen,"http://api.openweathermap.org/data/2.5/weather?APPID=7000bf4dfa565802d1a0bc7afae50bec&units=imperial&q=longyearbyen,sj"
Record 192 of 700 | valdivia,"http://api.openweathermap.org/data/2.5/weather?APPID=7000bf4dfa565802d1a0bc7afae50bec&units=imperial&q=valdivia,cl"
Record 193 of 700 | beringovskiy,"http://api.openweathermap.org/data/2.5/weather?APPID=7000bf4dfa565802d1a0bc7afae50bec&units=imperial&q=beringovskiy,ru"
Record 194 of 700 | kambove,"http://api.openweathermap.org/data/2.5/weather?APPID=7000bf4dfa565802d1a0bc7afae50bec&units=imperial&q=kambove,cd"
Record 195 of 700 | tuatapere,"http://api.openweathermap.org/data/2.5/weather?APPID=7000bf4dfa565802d1a0bc7afae50bec&units=imperial&q=tuatapere,nz"
Record 196 of 700 | cabo san lucas,"http://api.openweathermap.org/data/2.5/weather?APPID=7000bf4dfa565802d1a0bc7afae50bec&units=imperial&q=cabo san lucas,mx"
Record 197 of 700 | sao filipe,"http://api.openweathermap.org/data/2.5/weather?APPID=7000bf4dfa565802d1a0bc7afae50bec&units=imperial&q=sao filipe,cv"
Record 198 of 700 | cape town,"http://api.openweathermap.org/data/2.5/weather?APPID=7000bf4dfa565802d1a0bc7afae50bec&units=imperial&q=cape town,za"
Record 199 of 700 | butaritari,"http://api.openweathermap.org/data/2.5/weather?APPID=7000bf4dfa565802d1a0bc7afae50bec&units=imperial&q=butaritari,ki"
Record 200 of 700 | georgetown,"http://api.openweathermap.org/data/2.5/weather?APPID=7000bf4dfa565802d1a0bc7afae50bec&units=imperial&q=georgetown,sh"
Record 201 of 700 | vaini,"http://api.openweathermap.org/data/2.5/weather?APPID=7000bf4dfa565802d1a0bc7afae50bec&units=imperial&q=vaini,to"
Record 202 of 700 | kapaa,"http://api.openweathermap.org/data/2.5/weather?APPID=7000bf4dfa565802d1a0bc7afae50bec&units=imperial&q=kapaa,us"
Record 203 of 700 | avarua,"http://api.openweathermap.org/data/2.5/weather?APPID=7000bf4dfa565802d1a0bc7afae50bec&units=imperial&q=avarua,ck"
Record 204 of 700 | carnarvon,"http://api.openweathermap.org/data/2.5/weather?APPID=7000bf4dfa565802d1a0bc7afae50bec&units=imperial&q=carnarvon,au"
Record 206 of 700 | puerto ayora,"http://api.openweathermap.org/data/2.5/weather?APPID=7000bf4dfa565802d1a0bc7afae50bec&units=imperial&q=puerto ayora,ec"
Record 207 of 700 | bredasdorp,"http://api.openweathermap.org/data/2.5/weather?APPID=7000bf4dfa565802d1a0bc7afae50bec&units=imperial&q=bredasdorp,za"
Record 208 of 700 | husavik,"http://api.openweathermap.org/data/2.5/weather?APPID=7000bf4dfa565802d1a0bc7afae50bec&units=imperial&q=husavik,is"
Record 209 of 700 | takoradi,"http://api.openweathermap.org/data/2.5/weather?APPID=7000bf4dfa565802d1a0bc7afae50bec&units=imperial&q=takoradi,gh"
Record 210 of 700 | busselton,"http://api.openweathermap.org/data/2.5/weather?APPID=7000bf4dfa565802d1a0bc7afae50bec&units=imperial&q=busselton,au"
Record 211 of 700 | bria,"http://api.openweathermap.org/data/2.5/weather?APPID=7000bf4dfa565802d1a0bc7afae50bec&units=imperial&q=bria,cf"
Record 212 of 700 | busselton,"http://api.openweathermap.org/data/2.5/weather?APPID=7000bf4dfa565802d1a0bc7afae50bec&units=imperial&q=busselton,au"
Record 213 of 700 | albany,"http://api.openweathermap.org/data/2.5/weather?APPID=7000bf4dfa565802d1a0bc7afae50bec&units=imperial&q=albany,au"
Record 214 of 700 | rikitea,"http://api.openweathermap.org/data/2.5/weather?APPID=7000bf4dfa565802d1a0bc7afae50bec&units=imperial&q=rikitea,pf"
Record 216 of 700 | kapaa,"http://api.openweathermap.org/data/2.5/weather?APPID=7000bf4dfa565802d1a0bc7afae50bec&units=imperial&q=kapaa,us"
Record 217 of 700 | hilo,"http://api.openweathermap.org/data/2.5/weather?APPID=7000bf4dfa565802d1a0bc7afae50bec&units=imperial&q=hilo,us"
Record 219 of 700 | vila franca do campo,"http://api.openweathermap.org/data/2.5/weather?APPID=7000bf4dfa565802d1a0bc7afae50bec&units=imperial&q=vila franca do campo,pt"
Record 220 of 700 | kapaa,"http://api.openweathermap.org/data/2.5/weather?APPID=7000bf4dfa565802d1a0bc7afae50bec&units=imperial&q=kapaa,us"
Record 222 of 700 | ponta do sol,"http://api.openweathermap.org/data/2.5/weather?APPID=7000bf4dfa565802d1a0bc7afae50bec&units=imperial&q=ponta do sol,cv"
Record 223 of 700 | nikolskoye,"http://api.openweathermap.org/data/2.5/weather?APPID=7000bf4dfa565802d1a0bc7afae50bec&units=imperial&q=nikolskoye,ru"
Record 224 of 700 | norman wells,"http://api.openweathermap.org/data/2.5/weather?APPID=7000bf4dfa565802d1a0bc7afae50bec&units=imperial&q=norman wells,ca"
Record 225 of 700 | antofagasta,"http://api.openweathermap.org/data/2.5/weather?APPID=7000bf4dfa565802d1a0bc7afae50bec&units=imperial&q=antofagasta,cl"
Record 226 of 700 | upata,"http://api.openweathermap.org/data/2.5/weather?APPID=7000bf4dfa565802d1a0bc7afae50bec&units=imperial&q=upata,ve"
Record 227 of 700 | barrow,"http://api.openweathermap.org/data/2.5/weather?APPID=7000bf4dfa565802d1a0bc7afae50bec&units=imperial&q=barrow,us"
Record 228 of 700 | koster,"http://api.openweathermap.org/data/2.5/weather?APPID=7000bf4dfa565802d1a0bc7afae50bec&units=imperial&q=koster,za"
Record 229 of 700 | celestun,"http://api.openweathermap.org/data/2.5/weather?APPID=7000bf4dfa565802d1a0bc7afae50bec&units=imperial&q=celestun,mx"
Record 230 of 700 | jamestown,"http://api.openweathermap.org/data/2.5/weather?APPID=7000bf4dfa565802d1a0bc7afae50bec&units=imperial&q=jamestown,sh"
Record 231 of 700 | hilo,"http://api.openweathermap.org/data/2.5/weather?APPID=7000bf4dfa565802d1a0bc7afae50bec&units=imperial&q=hilo,us"
Record 232 of 700 | vardo,"http://api.openweathermap.org/data/2.5/weather?APPID=7000bf4dfa565802d1a0bc7afae50bec&units=imperial&q=vardo,no"
Record 233 of 700 | constitucion,"http://api.openweathermap.org/data/2.5/weather?APPID=7000bf4dfa565802d1a0bc7afae50bec&units=imperial&q=constitucion,mx"
Record 234 of 700 | punta arenas,"http://api.openweathermap.org/data/2.5/weather?APPID=7000bf4dfa565802d1a0bc7afae50bec&units=imperial&q=punta arenas,cl"
Record 235 of 700 | puerto ayora,"http://api.openweathermap.org/data/2.5/weather?APPID=7000bf4dfa565802d1a0bc7afae50bec&units=imperial&q=puerto ayora,ec"
Record 236 of 700 | cape town,"http://api.openweathermap.org/data/2.5/weather?APPID=7000bf4dfa565802d1a0bc7afae50bec&units=imperial&q=cape town,za"
Record 237 of 700 | hamilton,"http://api.openweathermap.org/data/2.5/weather?APPID=7000bf4dfa565802d1a0bc7afae50bec&units=imperial&q=hamilton,bm"
Record 238 of 700 | kapaa,"http://api.openweathermap.org/data/2.5/weather?APPID=7000bf4dfa565802d1a0bc7afae50bec&units=imperial&q=kapaa,us"
Record 239 of 700 | brora,"http://api.openweathermap.org/data/2.5/weather?APPID=7000bf4dfa565802d1a0bc7afae50bec&units=imperial&q=brora,gb"
Record 240 of 700 | punta arenas,"http://api.openweathermap.org/data/2.5/weather?APPID=7000bf4dfa565802d1a0bc7afae50bec&units=imperial&q=punta arenas,cl"
Record 241 of 700 | ahipara,"http://api.openweathermap.org/data/2.5/weather?APPID=7000bf4dfa565802d1a0bc7afae50bec&units=imperial&q=ahipara,nz"
Record 242 of 700 | klaksvik,"http://api.openweathermap.org/data/2.5/weather?APPID=7000bf4dfa565802d1a0bc7afae50bec&units=imperial&q=klaksvik,fo"
Record 243 of 700 | albany,"http://api.openweathermap.org/data/2.5/weather?APPID=7000bf4dfa565802d1a0bc7afae50bec&units=imperial&q=albany,au"
Record 244 of 700 | atuona,"http://api.openweathermap.org/data/2.5/weather?APPID=7000bf4dfa565802d1a0bc7afae50bec&units=imperial&q=atuona,pf"
Record 245 of 700 | vaini,"http://api.openweathermap.org/data/2.5/weather?APPID=7000bf4dfa565802d1a0bc7afae50bec&units=imperial&q=vaini,to"
Record 246 of 700 | punta arenas,"http://api.openweathermap.org/data/2.5/weather?APPID=7000bf4dfa565802d1a0bc7afae50bec&units=imperial&q=punta arenas,cl"
Record 247 of 700 | georgetown,"http://api.openweathermap.org/data/2.5/weather?APPID=7000bf4dfa565802d1a0bc7afae50bec&units=imperial&q=georgetown,sh"
Record 248 of 700 | hobart,"http://api.openweathermap.org/data/2.5/weather?APPID=7000bf4dfa565802d1a0bc7afae50bec&units=imperial&q=hobart,au"
Record 249 of 700 | atuona,"http://api.openweathermap.org/data/2.5/weather?APPID=7000bf4dfa565802d1a0bc7afae50bec&units=imperial&q=atuona,pf"
Record 250 of 700 | bandarbeyla,"http://api.openweathermap.org/data/2.5/weather?APPID=7000bf4dfa565802d1a0bc7afae50bec&units=imperial&q=bandarbeyla,so"
Record 251 of 700 | hobart,"http://api.openweathermap.org/data/2.5/weather?APPID=7000bf4dfa565802d1a0bc7afae50bec&units=imperial&q=hobart,au"
Record 252 of 700 | petropavlovsk-kamchatskiy,"http://api.openweathermap.org/data/2.5/weather?APPID=7000bf4dfa565802d1a0bc7afae50bec&units=imperial&q=petropavlovsk-kamchatskiy,ru"
Record 253 of 700 | barrow,"http://api.openweathermap.org/data/2.5/weather?APPID=7000bf4dfa565802d1a0bc7afae50bec&units=imperial&q=barrow,us"
Record 254 of 700 | cape town,"http://api.openweathermap.org/data/2.5/weather?APPID=7000bf4dfa565802d1a0bc7afae50bec&units=imperial&q=cape town,za"
Record 255 of 700 | punta arenas,"http://api.openweathermap.org/data/2.5/weather?APPID=7000bf4dfa565802d1a0bc7afae50bec&units=imperial&q=punta arenas,cl"
Record 256 of 700 | punta arenas,"http://api.openweathermap.org/data/2.5/weather?APPID=7000bf4dfa565802d1a0bc7afae50bec&units=imperial&q=punta arenas,cl"
Record 257 of 700 | severo-kurilsk,"http://api.openweathermap.org/data/2.5/weather?APPID=7000bf4dfa565802d1a0bc7afae50bec&units=imperial&q=severo-kurilsk,ru"
Record 258 of 700 | hobart,"http://api.openweathermap.org/data/2.5/weather?APPID=7000bf4dfa565802d1a0bc7afae50bec&units=imperial&q=hobart,au"
Record 260 of 700 | albany,"http://api.openweathermap.org/data/2.5/weather?APPID=7000bf4dfa565802d1a0bc7afae50bec&units=imperial&q=albany,au"
Record 261 of 700 | lagoa,"http://api.openweathermap.org/data/2.5/weather?APPID=7000bf4dfa565802d1a0bc7afae50bec&units=imperial&q=lagoa,pt"
Record 262 of 700 | port elizabeth,"http://api.openweathermap.org/data/2.5/weather?APPID=7000bf4dfa565802d1a0bc7afae50bec&units=imperial&q=port elizabeth,za"
Record 263 of 700 | yellowknife,"http://api.openweathermap.org/data/2.5/weather?APPID=7000bf4dfa565802d1a0bc7afae50bec&units=imperial&q=yellowknife,ca"
Record 264 of 700 | thompson,"http://api.openweathermap.org/data/2.5/weather?APPID=7000bf4dfa565802d1a0bc7afae50bec&units=imperial&q=thompson,ca"
Record 265 of 700 | buraydah,"http://api.openweathermap.org/data/2.5/weather?APPID=7000bf4dfa565802d1a0bc7afae50bec&units=imperial&q=buraydah,sa"
Record 266 of 700 | atuona,"http://api.openweathermap.org/data/2.5/weather?APPID=7000bf4dfa565802d1a0bc7afae50bec&units=imperial&q=atuona,pf"
Record 267 of 700 | sarakhs,"http://api.openweathermap.org/data/2.5/weather?APPID=7000bf4dfa565802d1a0bc7afae50bec&units=imperial&q=sarakhs,ir"
Record 268 of 700 | chuy,"http://api.openweathermap.org/data/2.5/weather?APPID=7000bf4dfa565802d1a0bc7afae50bec&units=imperial&q=chuy,uy"
Record 269 of 700 | chernyshevskiy,"http://api.openweathermap.org/data/2.5/weather?APPID=7000bf4dfa565802d1a0bc7afae50bec&units=imperial&q=chernyshevskiy,ru"
Record 270 of 700 | klaksvik,"http://api.openweathermap.org/data/2.5/weather?APPID=7000bf4dfa565802d1a0bc7afae50bec&units=imperial&q=klaksvik,fo"
Record 271 of 700 | mercedes,"http://api.openweathermap.org/data/2.5/weather?APPID=7000bf4dfa565802d1a0bc7afae50bec&units=imperial&q=mercedes,ar"
Record 272 of 700 | tual,"http://api.openweathermap.org/data/2.5/weather?APPID=7000bf4dfa565802d1a0bc7afae50bec&units=imperial&q=tual,id"
Record 273 of 700 | inhambane,"http://api.openweathermap.org/data/2.5/weather?APPID=7000bf4dfa565802d1a0bc7afae50bec&units=imperial&q=inhambane,mz"
Record 275 of 700 | hilo,"http://api.openweathermap.org/data/2.5/weather?APPID=7000bf4dfa565802d1a0bc7afae50bec&units=imperial&q=hilo,us"
Record 277 of 700 | hobart,"http://api.openweathermap.org/data/2.5/weather?APPID=7000bf4dfa565802d1a0bc7afae50bec&units=imperial&q=hobart,au"
Record 278 of 700 | kaitangata,"http://api.openweathermap.org/data/2.5/weather?APPID=7000bf4dfa565802d1a0bc7afae50bec&units=imperial&q=kaitangata,nz"
Record 279 of 700 | aykhal,"http://api.openweathermap.org/data/2.5/weather?APPID=7000bf4dfa565802d1a0bc7afae50bec&units=imperial&q=aykhal,ru"
Record 280 of 700 | punta arenas,"http://api.openweathermap.org/data/2.5/weather?APPID=7000bf4dfa565802d1a0bc7afae50bec&units=imperial&q=punta arenas,cl"
Record 281 of 700 | tuktoyaktuk,"http://api.openweathermap.org/data/2.5/weather?APPID=7000bf4dfa565802d1a0bc7afae50bec&units=imperial&q=tuktoyaktuk,ca"
Record 282 of 700 | stokke,"http://api.openweathermap.org/data/2.5/weather?APPID=7000bf4dfa565802d1a0bc7afae50bec&units=imperial&q=stokke,no"
Record 283 of 700 | tasiilaq,"http://api.openweathermap.org/data/2.5/weather?APPID=7000bf4dfa565802d1a0bc7afae50bec&units=imperial&q=tasiilaq,gl"
Record 284 of 700 | luang prabang,"http://api.openweathermap.org/data/2.5/weather?APPID=7000bf4dfa565802d1a0bc7afae50bec&units=imperial&q=luang prabang,la"
Record 285 of 700 | isangel,"http://api.openweathermap.org/data/2.5/weather?APPID=7000bf4dfa565802d1a0bc7afae50bec&units=imperial&q=isangel,vu"
Record 286 of 700 | kruisfontein,"http://api.openweathermap.org/data/2.5/weather?APPID=7000bf4dfa565802d1a0bc7afae50bec&units=imperial&q=kruisfontein,za"
Record 287 of 700 | lampa,"http://api.openweathermap.org/data/2.5/weather?APPID=7000bf4dfa565802d1a0bc7afae50bec&units=imperial&q=lampa,pe"
Record 288 of 700 | aksay,"http://api.openweathermap.org/data/2.5/weather?APPID=7000bf4dfa565802d1a0bc7afae50bec&units=imperial&q=aksay,kz"
Record 289 of 700 | qaqortoq,"http://api.openweathermap.org/data/2.5/weather?APPID=7000bf4dfa565802d1a0bc7afae50bec&units=imperial&q=qaqortoq,gl"
Record 290 of 700 | rikitea,"http://api.openweathermap.org/data/2.5/weather?APPID=7000bf4dfa565802d1a0bc7afae50bec&units=imperial&q=rikitea,pf"
Record 291 of 700 | barrow,"http://api.openweathermap.org/data/2.5/weather?APPID=7000bf4dfa565802d1a0bc7afae50bec&units=imperial&q=barrow,us"
Record 292 of 700 | kapaa,"http://api.openweathermap.org/data/2.5/weather?APPID=7000bf4dfa565802d1a0bc7afae50bec&units=imperial&q=kapaa,us"
Record 293 of 700 | nanortalik,"http://api.openweathermap.org/data/2.5/weather?APPID=7000bf4dfa565802d1a0bc7afae50bec&units=imperial&q=nanortalik,gl"
Record 294 of 700 | gornyak,"http://api.openweathermap.org/data/2.5/weather?APPID=7000bf4dfa565802d1a0bc7afae50bec&units=imperial&q=gornyak,ru"
Record 295 of 700 | busselton,"http://api.openweathermap.org/data/2.5/weather?APPID=7000bf4dfa565802d1a0bc7afae50bec&units=imperial&q=busselton,au"
Record 296 of 700 | punta arenas,"http://api.openweathermap.org/data/2.5/weather?APPID=7000bf4dfa565802d1a0bc7afae50bec&units=imperial&q=punta arenas,cl"
Record 297 of 700 | longyearbyen,"http://api.openweathermap.org/data/2.5/weather?APPID=7000bf4dfa565802d1a0bc7afae50bec&units=imperial&q=longyearbyen,sj"
Record 301 of 700 | kaitangata,"http://api.openweathermap.org/data/2.5/weather?APPID=7000bf4dfa565802d1a0bc7afae50bec&units=imperial&q=kaitangata,nz"
Record 302 of 700 | tsaratanana,"http://api.openweathermap.org/data/2.5/weather?APPID=7000bf4dfa565802d1a0bc7afae50bec&units=imperial&q=tsaratanana,mg"
Record 303 of 700 | boralday,"http://api.openweathermap.org/data/2.5/weather?APPID=7000bf4dfa565802d1a0bc7afae50bec&units=imperial&q=boralday,kz"
Record 304 of 700 | ushuaia,"http://api.openweathermap.org/data/2.5/weather?APPID=7000bf4dfa565802d1a0bc7afae50bec&units=imperial&q=ushuaia,ar"
Record 305 of 700 | nishihara,"http://api.openweathermap.org/data/2.5/weather?APPID=7000bf4dfa565802d1a0bc7afae50bec&units=imperial&q=nishihara,jp"
Record 306 of 700 | ilulissat,"http://api.openweathermap.org/data/2.5/weather?APPID=7000bf4dfa565802d1a0bc7afae50bec&units=imperial&q=ilulissat,gl"
Record 307 of 700 | kawalu,"http://api.openweathermap.org/data/2.5/weather?APPID=7000bf4dfa565802d1a0bc7afae50bec&units=imperial&q=kawalu,id"
Record 308 of 700 | saint-philippe,"http://api.openweathermap.org/data/2.5/weather?APPID=7000bf4dfa565802d1a0bc7afae50bec&units=imperial&q=saint-philippe,re"
Record 310 of 700 | adrar,"http://api.openweathermap.org/data/2.5/weather?APPID=7000bf4dfa565802d1a0bc7afae50bec&units=imperial&q=adrar,dz"
Record 312 of 700 | silchar,"http://api.openweathermap.org/data/2.5/weather?APPID=7000bf4dfa565802d1a0bc7afae50bec&units=imperial&q=silchar,in"
Record 313 of 700 | busselton,"http://api.openweathermap.org/data/2.5/weather?APPID=7000bf4dfa565802d1a0bc7afae50bec&units=imperial&q=busselton,au"
Record 314 of 700 | vardo,"http://api.openweathermap.org/data/2.5/weather?APPID=7000bf4dfa565802d1a0bc7afae50bec&units=imperial&q=vardo,no"
Record 315 of 700 | turukhansk,"http://api.openweathermap.org/data/2.5/weather?APPID=7000bf4dfa565802d1a0bc7afae50bec&units=imperial&q=turukhansk,ru"
Record 318 of 700 | albany,"http://api.openweathermap.org/data/2.5/weather?APPID=7000bf4dfa565802d1a0bc7afae50bec&units=imperial&q=albany,au"
Record 319 of 700 | barrow,"http://api.openweathermap.org/data/2.5/weather?APPID=7000bf4dfa565802d1a0bc7afae50bec&units=imperial&q=barrow,us"
Record 320 of 700 | gigmoto,"http://api.openweathermap.org/data/2.5/weather?APPID=7000bf4dfa565802d1a0bc7afae50bec&units=imperial&q=gigmoto,ph"
Record 323 of 700 | kavieng,"http://api.openweathermap.org/data/2.5/weather?APPID=7000bf4dfa565802d1a0bc7afae50bec&units=imperial&q=kavieng,pg"
Record 325 of 700 | atuona,"http://api.openweathermap.org/data/2.5/weather?APPID=7000bf4dfa565802d1a0bc7afae50bec&units=imperial&q=atuona,pf"
Record 326 of 700 | rikitea,"http://api.openweathermap.org/data/2.5/weather?APPID=7000bf4dfa565802d1a0bc7afae50bec&units=imperial&q=rikitea,pf"
Record 327 of 700 | castro,"http://api.openweathermap.org/data/2.5/weather?APPID=7000bf4dfa565802d1a0bc7afae50bec&units=imperial&q=castro,cl"
Record 328 of 700 | sorland,"http://api.openweathermap.org/data/2.5/weather?APPID=7000bf4dfa565802d1a0bc7afae50bec&units=imperial&q=sorland,no"
Record 329 of 700 | maneadero,"http://api.openweathermap.org/data/2.5/weather?APPID=7000bf4dfa565802d1a0bc7afae50bec&units=imperial&q=maneadero,mx"
Record 330 of 700 | yellowknife,"http://api.openweathermap.org/data/2.5/weather?APPID=7000bf4dfa565802d1a0bc7afae50bec&units=imperial&q=yellowknife,ca"
Record 331 of 700 | berlevag,"http://api.openweathermap.org/data/2.5/weather?APPID=7000bf4dfa565802d1a0bc7afae50bec&units=imperial&q=berlevag,no"
Record 332 of 700 | albany,"http://api.openweathermap.org/data/2.5/weather?APPID=7000bf4dfa565802d1a0bc7afae50bec&units=imperial&q=albany,au"
Record 333 of 700 | klyuchi,"http://api.openweathermap.org/data/2.5/weather?APPID=7000bf4dfa565802d1a0bc7afae50bec&units=imperial&q=klyuchi,ru"
Record 334 of 700 | bonavista,"http://api.openweathermap.org/data/2.5/weather?APPID=7000bf4dfa565802d1a0bc7afae50bec&units=imperial&q=bonavista,ca"
Record 335 of 700 | kodiak,"http://api.openweathermap.org/data/2.5/weather?APPID=7000bf4dfa565802d1a0bc7afae50bec&units=imperial&q=kodiak,us"
Record 337 of 700 | honningsvag,"http://api.openweathermap.org/data/2.5/weather?APPID=7000bf4dfa565802d1a0bc7afae50bec&units=imperial&q=honningsvag,no"
Record 339 of 700 | saskylakh,"http://api.openweathermap.org/data/2.5/weather?APPID=7000bf4dfa565802d1a0bc7afae50bec&units=imperial&q=saskylakh,ru"
Record 340 of 700 | port elizabeth,"http://api.openweathermap.org/data/2.5/weather?APPID=7000bf4dfa565802d1a0bc7afae50bec&units=imperial&q=port elizabeth,za"
Record 341 of 700 | georgetown,"http://api.openweathermap.org/data/2.5/weather?APPID=7000bf4dfa565802d1a0bc7afae50bec&units=imperial&q=georgetown,sh"
Record 342 of 700 | qaanaaq,"http://api.openweathermap.org/data/2.5/weather?APPID=7000bf4dfa565802d1a0bc7afae50bec&units=imperial&q=qaanaaq,gl"
Record 343 of 700 | muros,"http://api.openweathermap.org/data/2.5/weather?APPID=7000bf4dfa565802d1a0bc7afae50bec&units=imperial&q=muros,es"
Record 344 of 700 | kaitangata,"http://api.openweathermap.org/data/2.5/weather?APPID=7000bf4dfa565802d1a0bc7afae50bec&units=imperial&q=kaitangata,nz"
Record 345 of 700 | cocobeach,"http://api.openweathermap.org/data/2.5/weather?APPID=7000bf4dfa565802d1a0bc7afae50bec&units=imperial&q=cocobeach,ga"
Record 346 of 700 | east london,"http://api.openweathermap.org/data/2.5/weather?APPID=7000bf4dfa565802d1a0bc7afae50bec&units=imperial&q=east london,za"
Record 347 of 700 | haines junction,"http://api.openweathermap.org/data/2.5/weather?APPID=7000bf4dfa565802d1a0bc7afae50bec&units=imperial&q=haines junction,ca"
Record 348 of 700 | ziarat,"http://api.openweathermap.org/data/2.5/weather?APPID=7000bf4dfa565802d1a0bc7afae50bec&units=imperial&q=ziarat,pk"
Record 349 of 700 | olinda,"http://api.openweathermap.org/data/2.5/weather?APPID=7000bf4dfa565802d1a0bc7afae50bec&units=imperial&q=olinda,br"
Record 350 of 700 | santa rosa,"http://api.openweathermap.org/data/2.5/weather?APPID=7000bf4dfa565802d1a0bc7afae50bec&units=imperial&q=santa rosa,ar"
Record 352 of 700 | sitka,"http://api.openweathermap.org/data/2.5/weather?APPID=7000bf4dfa565802d1a0bc7afae50bec&units=imperial&q=sitka,us"
Record 353 of 700 | new norfolk,"http://api.openweathermap.org/data/2.5/weather?APPID=7000bf4dfa565802d1a0bc7afae50bec&units=imperial&q=new norfolk,au"
Record 354 of 700 | leh,"http://api.openweathermap.org/data/2.5/weather?APPID=7000bf4dfa565802d1a0bc7afae50bec&units=imperial&q=leh,in"
Record 355 of 700 | ushuaia,"http://api.openweathermap.org/data/2.5/weather?APPID=7000bf4dfa565802d1a0bc7afae50bec&units=imperial&q=ushuaia,ar"
Record 357 of 700 | yellowknife,"http://api.openweathermap.org/data/2.5/weather?APPID=7000bf4dfa565802d1a0bc7afae50bec&units=imperial&q=yellowknife,ca"
Record 358 of 700 | port alfred,"http://api.openweathermap.org/data/2.5/weather?APPID=7000bf4dfa565802d1a0bc7afae50bec&units=imperial&q=port alfred,za"
Record 359 of 700 | rikitea,"http://api.openweathermap.org/data/2.5/weather?APPID=7000bf4dfa565802d1a0bc7afae50bec&units=imperial&q=rikitea,pf"
Record 360 of 700 | cidreira,"http://api.openweathermap.org/data/2.5/weather?APPID=7000bf4dfa565802d1a0bc7afae50bec&units=imperial&q=cidreira,br"
Record 361 of 700 | rikitea,"http://api.openweathermap.org/data/2.5/weather?APPID=7000bf4dfa565802d1a0bc7afae50bec&units=imperial&q=rikitea,pf"
Record 362 of 700 | faanui,"http://api.openweathermap.org/data/2.5/weather?APPID=7000bf4dfa565802d1a0bc7afae50bec&units=imperial&q=faanui,pf"
Record 363 of 700 | bluff,"http://api.openweathermap.org/data/2.5/weather?APPID=7000bf4dfa565802d1a0bc7afae50bec&units=imperial&q=bluff,nz"
Record 364 of 700 | provideniya,"http://api.openweathermap.org/data/2.5/weather?APPID=7000bf4dfa565802d1a0bc7afae50bec&units=imperial&q=provideniya,ru"
Record 365 of 700 | ponta do sol,"http://api.openweathermap.org/data/2.5/weather?APPID=7000bf4dfa565802d1a0bc7afae50bec&units=imperial&q=ponta do sol,cv"
Record 366 of 700 | port elizabeth,"http://api.openweathermap.org/data/2.5/weather?APPID=7000bf4dfa565802d1a0bc7afae50bec&units=imperial&q=port elizabeth,za"
Record 367 of 700 | half moon bay,"http://api.openweathermap.org/data/2.5/weather?APPID=7000bf4dfa565802d1a0bc7afae50bec&units=imperial&q=half moon bay,us"
Record 368 of 700 | nelson bay,"http://api.openweathermap.org/data/2.5/weather?APPID=7000bf4dfa565802d1a0bc7afae50bec&units=imperial&q=nelson bay,au"
Record 369 of 700 | butaritari,"http://api.openweathermap.org/data/2.5/weather?APPID=7000bf4dfa565802d1a0bc7afae50bec&units=imperial&q=butaritari,ki"
Record 370 of 700 | yellowknife,"http://api.openweathermap.org/data/2.5/weather?APPID=7000bf4dfa565802d1a0bc7afae50bec&units=imperial&q=yellowknife,ca"
Record 372 of 700 | albany,"http://api.openweathermap.org/data/2.5/weather?APPID=7000bf4dfa565802d1a0bc7afae50bec&units=imperial&q=albany,au"
Record 373 of 700 | kahului,"http://api.openweathermap.org/data/2.5/weather?APPID=7000bf4dfa565802d1a0bc7afae50bec&units=imperial&q=kahului,us"
Record 374 of 700 | tevaitoa,"http://api.openweathermap.org/data/2.5/weather?APPID=7000bf4dfa565802d1a0bc7afae50bec&units=imperial&q=tevaitoa,pf"
Record 375 of 700 | qaanaaq,"http://api.openweathermap.org/data/2.5/weather?APPID=7000bf4dfa565802d1a0bc7afae50bec&units=imperial&q=qaanaaq,gl"
Record 376 of 700 | hun,"http://api.openweathermap.org/data/2.5/weather?APPID=7000bf4dfa565802d1a0bc7afae50bec&units=imperial&q=hun,ly"
Record 377 of 700 | anchorage,"http://api.openweathermap.org/data/2.5/weather?APPID=7000bf4dfa565802d1a0bc7afae50bec&units=imperial&q=anchorage,us"
Record 378 of 700 | batagay-alyta,"http://api.openweathermap.org/data/2.5/weather?APPID=7000bf4dfa565802d1a0bc7afae50bec&units=imperial&q=batagay-alyta,ru"
Record 379 of 700 | ponta do sol,"http://api.openweathermap.org/data/2.5/weather?APPID=7000bf4dfa565802d1a0bc7afae50bec&units=imperial&q=ponta do sol,cv"
Record 380 of 700 | palmer,"http://api.openweathermap.org/data/2.5/weather?APPID=7000bf4dfa565802d1a0bc7afae50bec&units=imperial&q=palmer,us"
Record 381 of 700 | bluff,"http://api.openweathermap.org/data/2.5/weather?APPID=7000bf4dfa565802d1a0bc7afae50bec&units=imperial&q=bluff,nz"
Record 382 of 700 | emet,"http://api.openweathermap.org/data/2.5/weather?APPID=7000bf4dfa565802d1a0bc7afae50bec&units=imperial&q=emet,tr"
Record 383 of 700 | rayevskiy,"http://api.openweathermap.org/data/2.5/weather?APPID=7000bf4dfa565802d1a0bc7afae50bec&units=imperial&q=rayevskiy,ru"
Record 384 of 700 | te anau,"http://api.openweathermap.org/data/2.5/weather?APPID=7000bf4dfa565802d1a0bc7afae50bec&units=imperial&q=te anau,nz"
Record 386 of 700 | mahebourg,"http://api.openweathermap.org/data/2.5/weather?APPID=7000bf4dfa565802d1a0bc7afae50bec&units=imperial&q=mahebourg,mu"
Record 387 of 700 | vaini,"http://api.openweathermap.org/data/2.5/weather?APPID=7000bf4dfa565802d1a0bc7afae50bec&units=imperial&q=vaini,to"
Record 388 of 700 | pevek,"http://api.openweathermap.org/data/2.5/weather?APPID=7000bf4dfa565802d1a0bc7afae50bec&units=imperial&q=pevek,ru"
Record 390 of 700 | port alfred,"http://api.openweathermap.org/data/2.5/weather?APPID=7000bf4dfa565802d1a0bc7afae50bec&units=imperial&q=port alfred,za"
Record 391 of 700 | brae,"http://api.openweathermap.org/data/2.5/weather?APPID=7000bf4dfa565802d1a0bc7afae50bec&units=imperial&q=brae,gb"
Record 392 of 700 | saint-philippe,"http://api.openweathermap.org/data/2.5/weather?APPID=7000bf4dfa565802d1a0bc7afae50bec&units=imperial&q=saint-philippe,re"
Record 395 of 700 | murgab,"http://api.openweathermap.org/data/2.5/weather?APPID=7000bf4dfa565802d1a0bc7afae50bec&units=imperial&q=murgab,tm"
Record 396 of 700 | hasaki,"http://api.openweathermap.org/data/2.5/weather?APPID=7000bf4dfa565802d1a0bc7afae50bec&units=imperial&q=hasaki,jp"
Record 397 of 700 | hobart,"http://api.openweathermap.org/data/2.5/weather?APPID=7000bf4dfa565802d1a0bc7afae50bec&units=imperial&q=hobart,au"
Record 398 of 700 | tasiilaq,"http://api.openweathermap.org/data/2.5/weather?APPID=7000bf4dfa565802d1a0bc7afae50bec&units=imperial&q=tasiilaq,gl"
Record 399 of 700 | batagay-alyta,"http://api.openweathermap.org/data/2.5/weather?APPID=7000bf4dfa565802d1a0bc7afae50bec&units=imperial&q=batagay-alyta,ru"
Record 400 of 700 | padang,"http://api.openweathermap.org/data/2.5/weather?APPID=7000bf4dfa565802d1a0bc7afae50bec&units=imperial&q=padang,id"
Record 401 of 700 | college,"http://api.openweathermap.org/data/2.5/weather?APPID=7000bf4dfa565802d1a0bc7afae50bec&units=imperial&q=college,us"
Record 402 of 700 | mar del plata,"http://api.openweathermap.org/data/2.5/weather?APPID=7000bf4dfa565802d1a0bc7afae50bec&units=imperial&q=mar del plata,ar"
Record 403 of 700 | qaanaaq,"http://api.openweathermap.org/data/2.5/weather?APPID=7000bf4dfa565802d1a0bc7afae50bec&units=imperial&q=qaanaaq,gl"
Record 404 of 700 | new norfolk,"http://api.openweathermap.org/data/2.5/weather?APPID=7000bf4dfa565802d1a0bc7afae50bec&units=imperial&q=new norfolk,au"
Record 406 of 700 | hithadhoo,"http://api.openweathermap.org/data/2.5/weather?APPID=7000bf4dfa565802d1a0bc7afae50bec&units=imperial&q=hithadhoo,mv"
Record 407 of 700 | faanui,"http://api.openweathermap.org/data/2.5/weather?APPID=7000bf4dfa565802d1a0bc7afae50bec&units=imperial&q=faanui,pf"
Record 408 of 700 | castro,"http://api.openweathermap.org/data/2.5/weather?APPID=7000bf4dfa565802d1a0bc7afae50bec&units=imperial&q=castro,cl"
Record 409 of 700 | bilibino,"http://api.openweathermap.org/data/2.5/weather?APPID=7000bf4dfa565802d1a0bc7afae50bec&units=imperial&q=bilibino,ru"
Record 410 of 700 | buta,"http://api.openweathermap.org/data/2.5/weather?APPID=7000bf4dfa565802d1a0bc7afae50bec&units=imperial&q=buta,cd"
Record 411 of 700 | vila velha,"http://api.openweathermap.org/data/2.5/weather?APPID=7000bf4dfa565802d1a0bc7afae50bec&units=imperial&q=vila velha,br"
Record 412 of 700 | nome,"http://api.openweathermap.org/data/2.5/weather?APPID=7000bf4dfa565802d1a0bc7afae50bec&units=imperial&q=nome,us"
Record 413 of 700 | hithadhoo,"http://api.openweathermap.org/data/2.5/weather?APPID=7000bf4dfa565802d1a0bc7afae50bec&units=imperial&q=hithadhoo,mv"
Record 414 of 700 | tuktoyaktuk,"http://api.openweathermap.org/data/2.5/weather?APPID=7000bf4dfa565802d1a0bc7afae50bec&units=imperial&q=tuktoyaktuk,ca"
Record 415 of 700 | mahebourg,"http://api.openweathermap.org/data/2.5/weather?APPID=7000bf4dfa565802d1a0bc7afae50bec&units=imperial&q=mahebourg,mu"
Record 416 of 700 | port alfred,"http://api.openweathermap.org/data/2.5/weather?APPID=7000bf4dfa565802d1a0bc7afae50bec&units=imperial&q=port alfred,za"
Record 417 of 700 | punta arenas,"http://api.openweathermap.org/data/2.5/weather?APPID=7000bf4dfa565802d1a0bc7afae50bec&units=imperial&q=punta arenas,cl"
Record 418 of 700 | ushuaia,"http://api.openweathermap.org/data/2.5/weather?APPID=7000bf4dfa565802d1a0bc7afae50bec&units=imperial&q=ushuaia,ar"
Record 419 of 700 | barabinsk,"http://api.openweathermap.org/data/2.5/weather?APPID=7000bf4dfa565802d1a0bc7afae50bec&units=imperial&q=barabinsk,ru"
Record 421 of 700 | kavaratti,"http://api.openweathermap.org/data/2.5/weather?APPID=7000bf4dfa565802d1a0bc7afae50bec&units=imperial&q=kavaratti,in"
Record 422 of 700 | butaritari,"http://api.openweathermap.org/data/2.5/weather?APPID=7000bf4dfa565802d1a0bc7afae50bec&units=imperial&q=butaritari,ki"
Record 423 of 700 | bluff,"http://api.openweathermap.org/data/2.5/weather?APPID=7000bf4dfa565802d1a0bc7afae50bec&units=imperial&q=bluff,nz"
Record 424 of 700 | kununurra,"http://api.openweathermap.org/data/2.5/weather?APPID=7000bf4dfa565802d1a0bc7afae50bec&units=imperial&q=kununurra,au"
Record 426 of 700 | mitsamiouli,"http://api.openweathermap.org/data/2.5/weather?APPID=7000bf4dfa565802d1a0bc7afae50bec&units=imperial&q=mitsamiouli,km"
Record 427 of 700 | coquimbo,"http://api.openweathermap.org/data/2.5/weather?APPID=7000bf4dfa565802d1a0bc7afae50bec&units=imperial&q=coquimbo,cl"
Record 429 of 700 | omaruru,"http://api.openweathermap.org/data/2.5/weather?APPID=7000bf4dfa565802d1a0bc7afae50bec&units=imperial&q=omaruru,na"
Record 430 of 700 | vardo,"http://api.openweathermap.org/data/2.5/weather?APPID=7000bf4dfa565802d1a0bc7afae50bec&units=imperial&q=vardo,no"
Record 431 of 700 | tasiilaq,"http://api.openweathermap.org/data/2.5/weather?APPID=7000bf4dfa565802d1a0bc7afae50bec&units=imperial&q=tasiilaq,gl"
Record 434 of 700 | tilichiki,"http://api.openweathermap.org/data/2.5/weather?APPID=7000bf4dfa565802d1a0bc7afae50bec&units=imperial&q=tilichiki,ru"
Record 435 of 700 | rikitea,"http://api.openweathermap.org/data/2.5/weather?APPID=7000bf4dfa565802d1a0bc7afae50bec&units=imperial&q=rikitea,pf"
Record 436 of 700 | hobart,"http://api.openweathermap.org/data/2.5/weather?APPID=7000bf4dfa565802d1a0bc7afae50bec&units=imperial&q=hobart,au"
Record 437 of 700 | newport,"http://api.openweathermap.org/data/2.5/weather?APPID=7000bf4dfa565802d1a0bc7afae50bec&units=imperial&q=newport,us"
Record 438 of 700 | rikitea,"http://api.openweathermap.org/data/2.5/weather?APPID=7000bf4dfa565802d1a0bc7afae50bec&units=imperial&q=rikitea,pf"
Record 440 of 700 | carnarvon,"http://api.openweathermap.org/data/2.5/weather?APPID=7000bf4dfa565802d1a0bc7afae50bec&units=imperial&q=carnarvon,au"
Record 441 of 700 | srednekolymsk,"http://api.openweathermap.org/data/2.5/weather?APPID=7000bf4dfa565802d1a0bc7afae50bec&units=imperial&q=srednekolymsk,ru"
Record 442 of 700 | talnakh,"http://api.openweathermap.org/data/2.5/weather?APPID=7000bf4dfa565802d1a0bc7afae50bec&units=imperial&q=talnakh,ru"
Record 443 of 700 | new norfolk,"http://api.openweathermap.org/data/2.5/weather?APPID=7000bf4dfa565802d1a0bc7afae50bec&units=imperial&q=new norfolk,au"
Record 444 of 700 | khatanga,"http://api.openweathermap.org/data/2.5/weather?APPID=7000bf4dfa565802d1a0bc7afae50bec&units=imperial&q=khatanga,ru"
Record 445 of 700 | narsaq,"http://api.openweathermap.org/data/2.5/weather?APPID=7000bf4dfa565802d1a0bc7afae50bec&units=imperial&q=narsaq,gl"
Record 446 of 700 | faanui,"http://api.openweathermap.org/data/2.5/weather?APPID=7000bf4dfa565802d1a0bc7afae50bec&units=imperial&q=faanui,pf"
Record 447 of 700 | albany,"http://api.openweathermap.org/data/2.5/weather?APPID=7000bf4dfa565802d1a0bc7afae50bec&units=imperial&q=albany,au"
Record 448 of 700 | houma,"http://api.openweathermap.org/data/2.5/weather?APPID=7000bf4dfa565802d1a0bc7afae50bec&units=imperial&q=houma,us"
Record 449 of 700 | kapaa,"http://api.openweathermap.org/data/2.5/weather?APPID=7000bf4dfa565802d1a0bc7afae50bec&units=imperial&q=kapaa,us"
Record 450 of 700 | rawson,"http://api.openweathermap.org/data/2.5/weather?APPID=7000bf4dfa565802d1a0bc7afae50bec&units=imperial&q=rawson,ar"
Record 451 of 700 | tiarei,"http://api.openweathermap.org/data/2.5/weather?APPID=7000bf4dfa565802d1a0bc7afae50bec&units=imperial&q=tiarei,pf"
Record 452 of 700 | puerto ayora,"http://api.openweathermap.org/data/2.5/weather?APPID=7000bf4dfa565802d1a0bc7afae50bec&units=imperial&q=puerto ayora,ec"
Record 453 of 700 | qaqortoq,"http://api.openweathermap.org/data/2.5/weather?APPID=7000bf4dfa565802d1a0bc7afae50bec&units=imperial&q=qaqortoq,gl"
Record 454 of 700 | manuk mangkaw,"http://api.openweathermap.org/data/2.5/weather?APPID=7000bf4dfa565802d1a0bc7afae50bec&units=imperial&q=manuk mangkaw,ph"
Record 455 of 700 | rikitea,"http://api.openweathermap.org/data/2.5/weather?APPID=7000bf4dfa565802d1a0bc7afae50bec&units=imperial&q=rikitea,pf"
Record 456 of 700 | saint-philippe,"http://api.openweathermap.org/data/2.5/weather?APPID=7000bf4dfa565802d1a0bc7afae50bec&units=imperial&q=saint-philippe,re"
Record 457 of 700 | imbituba,"http://api.openweathermap.org/data/2.5/weather?APPID=7000bf4dfa565802d1a0bc7afae50bec&units=imperial&q=imbituba,br"
Record 458 of 700 | mitu,"http://api.openweathermap.org/data/2.5/weather?APPID=7000bf4dfa565802d1a0bc7afae50bec&units=imperial&q=mitu,co"
Record 459 of 700 | cap-aux-meules,"http://api.openweathermap.org/data/2.5/weather?APPID=7000bf4dfa565802d1a0bc7afae50bec&units=imperial&q=cap-aux-meules,ca"
Record 461 of 700 | shirokiy,"http://api.openweathermap.org/data/2.5/weather?APPID=7000bf4dfa565802d1a0bc7afae50bec&units=imperial&q=shirokiy,ru"
Record 463 of 700 | povenets,"http://api.openweathermap.org/data/2.5/weather?APPID=7000bf4dfa565802d1a0bc7afae50bec&units=imperial&q=povenets,ru"
Record 464 of 700 | wahiawa,"http://api.openweathermap.org/data/2.5/weather?APPID=7000bf4dfa565802d1a0bc7afae50bec&units=imperial&q=wahiawa,us"
Record 465 of 700 | butaritari,"http://api.openweathermap.org/data/2.5/weather?APPID=7000bf4dfa565802d1a0bc7afae50bec&units=imperial&q=butaritari,ki"
Record 466 of 700 | ushuaia,"http://api.openweathermap.org/data/2.5/weather?APPID=7000bf4dfa565802d1a0bc7afae50bec&units=imperial&q=ushuaia,ar"
Record 467 of 700 | dikson,"http://api.openweathermap.org/data/2.5/weather?APPID=7000bf4dfa565802d1a0bc7afae50bec&units=imperial&q=dikson,ru"
Record 468 of 700 | troitskoye,"http://api.openweathermap.org/data/2.5/weather?APPID=7000bf4dfa565802d1a0bc7afae50bec&units=imperial&q=troitskoye,ru"
Record 469 of 700 | bluff,"http://api.openweathermap.org/data/2.5/weather?APPID=7000bf4dfa565802d1a0bc7afae50bec&units=imperial&q=bluff,nz"
Record 470 of 700 | arraial do cabo,"http://api.openweathermap.org/data/2.5/weather?APPID=7000bf4dfa565802d1a0bc7afae50bec&units=imperial&q=arraial do cabo,br"
Record 471 of 700 | sao joao da barra,"http://api.openweathermap.org/data/2.5/weather?APPID=7000bf4dfa565802d1a0bc7afae50bec&units=imperial&q=sao joao da barra,br"
Record 472 of 700 | bambous virieux,"http://api.openweathermap.org/data/2.5/weather?APPID=7000bf4dfa565802d1a0bc7afae50bec&units=imperial&q=bambous virieux,mu"
Record 474 of 700 | ushuaia,"http://api.openweathermap.org/data/2.5/weather?APPID=7000bf4dfa565802d1a0bc7afae50bec&units=imperial&q=ushuaia,ar"
Record 477 of 700 | brainerd,"http://api.openweathermap.org/data/2.5/weather?APPID=7000bf4dfa565802d1a0bc7afae50bec&units=imperial&q=brainerd,us"
Record 478 of 700 | ribeira grande,"http://api.openweathermap.org/data/2.5/weather?APPID=7000bf4dfa565802d1a0bc7afae50bec&units=imperial&q=ribeira grande,pt"
Record 479 of 700 | tomatlan,"http://api.openweathermap.org/data/2.5/weather?APPID=7000bf4dfa565802d1a0bc7afae50bec&units=imperial&q=tomatlan,mx"
Record 480 of 700 | punta arenas,"http://api.openweathermap.org/data/2.5/weather?APPID=7000bf4dfa565802d1a0bc7afae50bec&units=imperial&q=punta arenas,cl"
Record 481 of 700 | rikitea,"http://api.openweathermap.org/data/2.5/weather?APPID=7000bf4dfa565802d1a0bc7afae50bec&units=imperial&q=rikitea,pf"
Record 482 of 700 | richards bay,"http://api.openweathermap.org/data/2.5/weather?APPID=7000bf4dfa565802d1a0bc7afae50bec&units=imperial&q=richards bay,za"
Record 483 of 700 | saskylakh,"http://api.openweathermap.org/data/2.5/weather?APPID=7000bf4dfa565802d1a0bc7afae50bec&units=imperial&q=saskylakh,ru"
Record 484 of 700 | mahebourg,"http://api.openweathermap.org/data/2.5/weather?APPID=7000bf4dfa565802d1a0bc7afae50bec&units=imperial&q=mahebourg,mu"
Record 485 of 700 | vaini,"http://api.openweathermap.org/data/2.5/weather?APPID=7000bf4dfa565802d1a0bc7afae50bec&units=imperial&q=vaini,to"
Record 487 of 700 | henties bay,"http://api.openweathermap.org/data/2.5/weather?APPID=7000bf4dfa565802d1a0bc7afae50bec&units=imperial&q=henties bay,na"
Record 488 of 700 | rocha,"http://api.openweathermap.org/data/2.5/weather?APPID=7000bf4dfa565802d1a0bc7afae50bec&units=imperial&q=rocha,uy"
Record 489 of 700 | iqaluit,"http://api.openweathermap.org/data/2.5/weather?APPID=7000bf4dfa565802d1a0bc7afae50bec&units=imperial&q=iqaluit,ca"
Record 490 of 700 | albany,"http://api.openweathermap.org/data/2.5/weather?APPID=7000bf4dfa565802d1a0bc7afae50bec&units=imperial&q=albany,au"
Record 491 of 700 | georgetown,"http://api.openweathermap.org/data/2.5/weather?APPID=7000bf4dfa565802d1a0bc7afae50bec&units=imperial&q=georgetown,sh"
Record 493 of 700 | cidreira,"http://api.openweathermap.org/data/2.5/weather?APPID=7000bf4dfa565802d1a0bc7afae50bec&units=imperial&q=cidreira,br"
Record 494 of 700 | albany,"http://api.openweathermap.org/data/2.5/weather?APPID=7000bf4dfa565802d1a0bc7afae50bec&units=imperial&q=albany,au"
Record 496 of 700 | rikitea,"http://api.openweathermap.org/data/2.5/weather?APPID=7000bf4dfa565802d1a0bc7afae50bec&units=imperial&q=rikitea,pf"
Record 497 of 700 | yellowknife,"http://api.openweathermap.org/data/2.5/weather?APPID=7000bf4dfa565802d1a0bc7afae50bec&units=imperial&q=yellowknife,ca"
Record 499 of 700 | port hardy,"http://api.openweathermap.org/data/2.5/weather?APPID=7000bf4dfa565802d1a0bc7afae50bec&units=imperial&q=port hardy,ca"
Record 500 of 700 | kyaukse,"http://api.openweathermap.org/data/2.5/weather?APPID=7000bf4dfa565802d1a0bc7afae50bec&units=imperial&q=kyaukse,mm"
Record 501 of 700 | ushuaia,"http://api.openweathermap.org/data/2.5/weather?APPID=7000bf4dfa565802d1a0bc7afae50bec&units=imperial&q=ushuaia,ar"
Record 502 of 700 | provideniya,"http://api.openweathermap.org/data/2.5/weather?APPID=7000bf4dfa565802d1a0bc7afae50bec&units=imperial&q=provideniya,ru"
Record 503 of 700 | hastings,"http://api.openweathermap.org/data/2.5/weather?APPID=7000bf4dfa565802d1a0bc7afae50bec&units=imperial&q=hastings,us"
Record 505 of 700 | poyarkovo,"http://api.openweathermap.org/data/2.5/weather?APPID=7000bf4dfa565802d1a0bc7afae50bec&units=imperial&q=poyarkovo,ru"
Record 506 of 700 | punta arenas,"http://api.openweathermap.org/data/2.5/weather?APPID=7000bf4dfa565802d1a0bc7afae50bec&units=imperial&q=punta arenas,cl"
Record 507 of 700 | kapaa,"http://api.openweathermap.org/data/2.5/weather?APPID=7000bf4dfa565802d1a0bc7afae50bec&units=imperial&q=kapaa,us"
Record 509 of 700 | bredasdorp,"http://api.openweathermap.org/data/2.5/weather?APPID=7000bf4dfa565802d1a0bc7afae50bec&units=imperial&q=bredasdorp,za"
Record 510 of 700 | port alfred,"http://api.openweathermap.org/data/2.5/weather?APPID=7000bf4dfa565802d1a0bc7afae50bec&units=imperial&q=port alfred,za"
Record 511 of 700 | kalmunai,"http://api.openweathermap.org/data/2.5/weather?APPID=7000bf4dfa565802d1a0bc7afae50bec&units=imperial&q=kalmunai,lk"
Record 512 of 700 | vaini,"http://api.openweathermap.org/data/2.5/weather?APPID=7000bf4dfa565802d1a0bc7afae50bec&units=imperial&q=vaini,to"
Record 513 of 700 | souillac,"http://api.openweathermap.org/data/2.5/weather?APPID=7000bf4dfa565802d1a0bc7afae50bec&units=imperial&q=souillac,mu"
Record 514 of 700 | east london,"http://api.openweathermap.org/data/2.5/weather?APPID=7000bf4dfa565802d1a0bc7afae50bec&units=imperial&q=east london,za"
Record 515 of 700 | pevek,"http://api.openweathermap.org/data/2.5/weather?APPID=7000bf4dfa565802d1a0bc7afae50bec&units=imperial&q=pevek,ru"
Record 516 of 700 | vaini,"http://api.openweathermap.org/data/2.5/weather?APPID=7000bf4dfa565802d1a0bc7afae50bec&units=imperial&q=vaini,to"
Record 517 of 700 | albany,"http://api.openweathermap.org/data/2.5/weather?APPID=7000bf4dfa565802d1a0bc7afae50bec&units=imperial&q=albany,au"
Record 518 of 700 | avarua,"http://api.openweathermap.org/data/2.5/weather?APPID=7000bf4dfa565802d1a0bc7afae50bec&units=imperial&q=avarua,ck"
Record 519 of 700 | bredasdorp,"http://api.openweathermap.org/data/2.5/weather?APPID=7000bf4dfa565802d1a0bc7afae50bec&units=imperial&q=bredasdorp,za"
Record 520 of 700 | whitehorse,"http://api.openweathermap.org/data/2.5/weather?APPID=7000bf4dfa565802d1a0bc7afae50bec&units=imperial&q=whitehorse,ca"
Record 523 of 700 | kavieng,"http://api.openweathermap.org/data/2.5/weather?APPID=7000bf4dfa565802d1a0bc7afae50bec&units=imperial&q=kavieng,pg"
Record 524 of 700 | jamestown,"http://api.openweathermap.org/data/2.5/weather?APPID=7000bf4dfa565802d1a0bc7afae50bec&units=imperial&q=jamestown,sh"
Record 525 of 700 | punta arenas,"http://api.openweathermap.org/data/2.5/weather?APPID=7000bf4dfa565802d1a0bc7afae50bec&units=imperial&q=punta arenas,cl"
Record 526 of 700 | clyde river,"http://api.openweathermap.org/data/2.5/weather?APPID=7000bf4dfa565802d1a0bc7afae50bec&units=imperial&q=clyde river,ca"
Record 527 of 700 | kiunga,"http://api.openweathermap.org/data/2.5/weather?APPID=7000bf4dfa565802d1a0bc7afae50bec&units=imperial&q=kiunga,pg"
Record 529 of 700 | saint-philippe,"http://api.openweathermap.org/data/2.5/weather?APPID=7000bf4dfa565802d1a0bc7afae50bec&units=imperial&q=saint-philippe,re"
Record 530 of 700 | punta arenas,"http://api.openweathermap.org/data/2.5/weather?APPID=7000bf4dfa565802d1a0bc7afae50bec&units=imperial&q=punta arenas,cl"
Record 531 of 700 | presidencia roque saenz pena,"http://api.openweathermap.org/data/2.5/weather?APPID=7000bf4dfa565802d1a0bc7afae50bec&units=imperial&q=presidencia roque saenz pena,ar"
Record 532 of 700 | bredasdorp,"http://api.openweathermap.org/data/2.5/weather?APPID=7000bf4dfa565802d1a0bc7afae50bec&units=imperial&q=bredasdorp,za"
Record 533 of 700 | avarua,"http://api.openweathermap.org/data/2.5/weather?APPID=7000bf4dfa565802d1a0bc7afae50bec&units=imperial&q=avarua,ck"
Record 534 of 700 | conceicao do araguaia,"http://api.openweathermap.org/data/2.5/weather?APPID=7000bf4dfa565802d1a0bc7afae50bec&units=imperial&q=conceicao do araguaia,br"
Record 535 of 700 | victor harbor,"http://api.openweathermap.org/data/2.5/weather?APPID=7000bf4dfa565802d1a0bc7afae50bec&units=imperial&q=victor harbor,au"
Record 536 of 700 | tasiilaq,"http://api.openweathermap.org/data/2.5/weather?APPID=7000bf4dfa565802d1a0bc7afae50bec&units=imperial&q=tasiilaq,gl"
Record 538 of 700 | jamestown,"http://api.openweathermap.org/data/2.5/weather?APPID=7000bf4dfa565802d1a0bc7afae50bec&units=imperial&q=jamestown,sh"
Record 539 of 700 | ushuaia,"http://api.openweathermap.org/data/2.5/weather?APPID=7000bf4dfa565802d1a0bc7afae50bec&units=imperial&q=ushuaia,ar"
Record 540 of 700 | jamestown,"http://api.openweathermap.org/data/2.5/weather?APPID=7000bf4dfa565802d1a0bc7afae50bec&units=imperial&q=jamestown,sh"
Record 541 of 700 | kaitangata,"http://api.openweathermap.org/data/2.5/weather?APPID=7000bf4dfa565802d1a0bc7afae50bec&units=imperial&q=kaitangata,nz"
Record 542 of 700 | el rosario,"http://api.openweathermap.org/data/2.5/weather?APPID=7000bf4dfa565802d1a0bc7afae50bec&units=imperial&q=el rosario,sv"
Record 543 of 700 | victoria,"http://api.openweathermap.org/data/2.5/weather?APPID=7000bf4dfa565802d1a0bc7afae50bec&units=imperial&q=victoria,sc"
Record 544 of 700 | pitimbu,"http://api.openweathermap.org/data/2.5/weather?APPID=7000bf4dfa565802d1a0bc7afae50bec&units=imperial&q=pitimbu,br"
Record 545 of 700 | baykit,"http://api.openweathermap.org/data/2.5/weather?APPID=7000bf4dfa565802d1a0bc7afae50bec&units=imperial&q=baykit,ru"
Record 546 of 700 | mahebourg,"http://api.openweathermap.org/data/2.5/weather?APPID=7000bf4dfa565802d1a0bc7afae50bec&units=imperial&q=mahebourg,mu"
Record 547 of 700 | bulolo,"http://api.openweathermap.org/data/2.5/weather?APPID=7000bf4dfa565802d1a0bc7afae50bec&units=imperial&q=bulolo,pg"
Record 548 of 700 | albany,"http://api.openweathermap.org/data/2.5/weather?APPID=7000bf4dfa565802d1a0bc7afae50bec&units=imperial&q=albany,au"
Record 549 of 700 | dingle,"http://api.openweathermap.org/data/2.5/weather?APPID=7000bf4dfa565802d1a0bc7afae50bec&units=imperial&q=dingle,ie"
Record 550 of 700 | phibun mangsahan,"http://api.openweathermap.org/data/2.5/weather?APPID=7000bf4dfa565802d1a0bc7afae50bec&units=imperial&q=phibun mangsahan,th"
Record 552 of 700 | vaini,"http://api.openweathermap.org/data/2.5/weather?APPID=7000bf4dfa565802d1a0bc7afae50bec&units=imperial&q=vaini,to"
Record 553 of 700 | sitka,"http://api.openweathermap.org/data/2.5/weather?APPID=7000bf4dfa565802d1a0bc7afae50bec&units=imperial&q=sitka,us"
Record 554 of 700 | hithadhoo,"http://api.openweathermap.org/data/2.5/weather?APPID=7000bf4dfa565802d1a0bc7afae50bec&units=imperial&q=hithadhoo,mv"
Record 555 of 700 | port hardy,"http://api.openweathermap.org/data/2.5/weather?APPID=7000bf4dfa565802d1a0bc7afae50bec&units=imperial&q=port hardy,ca"
Record 556 of 700 | magadi,"http://api.openweathermap.org/data/2.5/weather?APPID=7000bf4dfa565802d1a0bc7afae50bec&units=imperial&q=magadi,ke"
Record 558 of 700 | sao sebastiao,"http://api.openweathermap.org/data/2.5/weather?APPID=7000bf4dfa565802d1a0bc7afae50bec&units=imperial&q=sao sebastiao,br"
Record 559 of 700 | dikson,"http://api.openweathermap.org/data/2.5/weather?APPID=7000bf4dfa565802d1a0bc7afae50bec&units=imperial&q=dikson,ru"
Record 560 of 700 | kaitangata,"http://api.openweathermap.org/data/2.5/weather?APPID=7000bf4dfa565802d1a0bc7afae50bec&units=imperial&q=kaitangata,nz"
Record 561 of 700 | barrow,"http://api.openweathermap.org/data/2.5/weather?APPID=7000bf4dfa565802d1a0bc7afae50bec&units=imperial&q=barrow,us"
Record 562 of 700 | margate,"http://api.openweathermap.org/data/2.5/weather?APPID=7000bf4dfa565802d1a0bc7afae50bec&units=imperial&q=margate,za"
Record 564 of 700 | half moon bay,"http://api.openweathermap.org/data/2.5/weather?APPID=7000bf4dfa565802d1a0bc7afae50bec&units=imperial&q=half moon bay,us"
Record 566 of 700 | marrakesh,"http://api.openweathermap.org/data/2.5/weather?APPID=7000bf4dfa565802d1a0bc7afae50bec&units=imperial&q=marrakesh,ma"
Record 567 of 700 | tautira,"http://api.openweathermap.org/data/2.5/weather?APPID=7000bf4dfa565802d1a0bc7afae50bec&units=imperial&q=tautira,pf"
Record 568 of 700 | ilulissat,"http://api.openweathermap.org/data/2.5/weather?APPID=7000bf4dfa565802d1a0bc7afae50bec&units=imperial&q=ilulissat,gl"
Record 569 of 700 | busselton,"http://api.openweathermap.org/data/2.5/weather?APPID=7000bf4dfa565802d1a0bc7afae50bec&units=imperial&q=busselton,au"
Record 570 of 700 | severo-kurilsk,"http://api.openweathermap.org/data/2.5/weather?APPID=7000bf4dfa565802d1a0bc7afae50bec&units=imperial&q=severo-kurilsk,ru"
Record 571 of 700 | dikson,"http://api.openweathermap.org/data/2.5/weather?APPID=7000bf4dfa565802d1a0bc7afae50bec&units=imperial&q=dikson,ru"
Record 572 of 700 | fairbanks,"http://api.openweathermap.org/data/2.5/weather?APPID=7000bf4dfa565802d1a0bc7afae50bec&units=imperial&q=fairbanks,us"
Record 573 of 700 | rikitea,"http://api.openweathermap.org/data/2.5/weather?APPID=7000bf4dfa565802d1a0bc7afae50bec&units=imperial&q=rikitea,pf"
Record 574 of 700 | bud,"http://api.openweathermap.org/data/2.5/weather?APPID=7000bf4dfa565802d1a0bc7afae50bec&units=imperial&q=bud,no"
Record 575 of 700 | esperance,"http://api.openweathermap.org/data/2.5/weather?APPID=7000bf4dfa565802d1a0bc7afae50bec&units=imperial&q=esperance,au"
Record 576 of 700 | dingle,"http://api.openweathermap.org/data/2.5/weather?APPID=7000bf4dfa565802d1a0bc7afae50bec&units=imperial&q=dingle,ie"
Record 577 of 700 | flinders,"http://api.openweathermap.org/data/2.5/weather?APPID=7000bf4dfa565802d1a0bc7afae50bec&units=imperial&q=flinders,au"
Record 579 of 700 | hobart,"http://api.openweathermap.org/data/2.5/weather?APPID=7000bf4dfa565802d1a0bc7afae50bec&units=imperial&q=hobart,au"
Record 580 of 700 | baruun-urt,"http://api.openweathermap.org/data/2.5/weather?APPID=7000bf4dfa565802d1a0bc7afae50bec&units=imperial&q=baruun-urt,mn"
Record 581 of 700 | kodiak,"http://api.openweathermap.org/data/2.5/weather?APPID=7000bf4dfa565802d1a0bc7afae50bec&units=imperial&q=kodiak,us"
Record 582 of 700 | pushkinskiye gory,"http://api.openweathermap.org/data/2.5/weather?APPID=7000bf4dfa565802d1a0bc7afae50bec&units=imperial&q=pushkinskiye gory,ru"
Record 583 of 700 | east london,"http://api.openweathermap.org/data/2.5/weather?APPID=7000bf4dfa565802d1a0bc7afae50bec&units=imperial&q=east london,za"
Record 584 of 700 | ushuaia,"http://api.openweathermap.org/data/2.5/weather?APPID=7000bf4dfa565802d1a0bc7afae50bec&units=imperial&q=ushuaia,ar"
Record 585 of 700 | cape town,"http://api.openweathermap.org/data/2.5/weather?APPID=7000bf4dfa565802d1a0bc7afae50bec&units=imperial&q=cape town,za"
Record 586 of 700 | swan hill,"http://api.openweathermap.org/data/2.5/weather?APPID=7000bf4dfa565802d1a0bc7afae50bec&units=imperial&q=swan hill,au"
Record 587 of 700 | ushuaia,"http://api.openweathermap.org/data/2.5/weather?APPID=7000bf4dfa565802d1a0bc7afae50bec&units=imperial&q=ushuaia,ar"
Record 588 of 700 | hermanus,"http://api.openweathermap.org/data/2.5/weather?APPID=7000bf4dfa565802d1a0bc7afae50bec&units=imperial&q=hermanus,za"
Record 589 of 700 | maniitsoq,"http://api.openweathermap.org/data/2.5/weather?APPID=7000bf4dfa565802d1a0bc7afae50bec&units=imperial&q=maniitsoq,gl"
Record 590 of 700 | vaini,"http://api.openweathermap.org/data/2.5/weather?APPID=7000bf4dfa565802d1a0bc7afae50bec&units=imperial&q=vaini,to"
Record 591 of 700 | rikitea,"http://api.openweathermap.org/data/2.5/weather?APPID=7000bf4dfa565802d1a0bc7afae50bec&units=imperial&q=rikitea,pf"
Record 592 of 700 | ushuaia,"http://api.openweathermap.org/data/2.5/weather?APPID=7000bf4dfa565802d1a0bc7afae50bec&units=imperial&q=ushuaia,ar"
Record 593 of 700 | victoria,"http://api.openweathermap.org/data/2.5/weather?APPID=7000bf4dfa565802d1a0bc7afae50bec&units=imperial&q=victoria,sc"
Record 594 of 700 | katsuura,"http://api.openweathermap.org/data/2.5/weather?APPID=7000bf4dfa565802d1a0bc7afae50bec&units=imperial&q=katsuura,jp"
Record 595 of 700 | bluff,"http://api.openweathermap.org/data/2.5/weather?APPID=7000bf4dfa565802d1a0bc7afae50bec&units=imperial&q=bluff,nz"
Record 596 of 700 | moerai,"http://api.openweathermap.org/data/2.5/weather?APPID=7000bf4dfa565802d1a0bc7afae50bec&units=imperial&q=moerai,pf"
Record 597 of 700 | hobart,"http://api.openweathermap.org/data/2.5/weather?APPID=7000bf4dfa565802d1a0bc7afae50bec&units=imperial&q=hobart,au"
Record 598 of 700 | hermanus,"http://api.openweathermap.org/data/2.5/weather?APPID=7000bf4dfa565802d1a0bc7afae50bec&units=imperial&q=hermanus,za"
Record 599 of 700 | houma,"http://api.openweathermap.org/data/2.5/weather?APPID=7000bf4dfa565802d1a0bc7afae50bec&units=imperial&q=houma,us"
Record 600 of 700 | lorengau,"http://api.openweathermap.org/data/2.5/weather?APPID=7000bf4dfa565802d1a0bc7afae50bec&units=imperial&q=lorengau,pg"
Record 601 of 700 | huarmey,"http://api.openweathermap.org/data/2.5/weather?APPID=7000bf4dfa565802d1a0bc7afae50bec&units=imperial&q=huarmey,pe"
Record 603 of 700 | mopipi,"http://api.openweathermap.org/data/2.5/weather?APPID=7000bf4dfa565802d1a0bc7afae50bec&units=imperial&q=mopipi,bw"
Record 604 of 700 | lebu,"http://api.openweathermap.org/data/2.5/weather?APPID=7000bf4dfa565802d1a0bc7afae50bec&units=imperial&q=lebu,cl"
Record 605 of 700 | vaini,"http://api.openweathermap.org/data/2.5/weather?APPID=7000bf4dfa565802d1a0bc7afae50bec&units=imperial&q=vaini,to"
Record 606 of 700 | kapaa,"http://api.openweathermap.org/data/2.5/weather?APPID=7000bf4dfa565802d1a0bc7afae50bec&units=imperial&q=kapaa,us"
Record 607 of 700 | talnakh,"http://api.openweathermap.org/data/2.5/weather?APPID=7000bf4dfa565802d1a0bc7afae50bec&units=imperial&q=talnakh,ru"
Record 608 of 700 | myanaung,"http://api.openweathermap.org/data/2.5/weather?APPID=7000bf4dfa565802d1a0bc7afae50bec&units=imperial&q=myanaung,mm"
Record 609 of 700 | saurimo,"http://api.openweathermap.org/data/2.5/weather?APPID=7000bf4dfa565802d1a0bc7afae50bec&units=imperial&q=saurimo,ao"
Record 610 of 700 | abha,"http://api.openweathermap.org/data/2.5/weather?APPID=7000bf4dfa565802d1a0bc7afae50bec&units=imperial&q=abha,sa"
Record 611 of 700 | san patricio,"http://api.openweathermap.org/data/2.5/weather?APPID=7000bf4dfa565802d1a0bc7afae50bec&units=imperial&q=san patricio,mx"
Record 613 of 700 | arraial do cabo,"http://api.openweathermap.org/data/2.5/weather?APPID=7000bf4dfa565802d1a0bc7afae50bec&units=imperial&q=arraial do cabo,br"
Record 614 of 700 | busselton,"http://api.openweathermap.org/data/2.5/weather?APPID=7000bf4dfa565802d1a0bc7afae50bec&units=imperial&q=busselton,au"
Record 615 of 700 | beringovskiy,"http://api.openweathermap.org/data/2.5/weather?APPID=7000bf4dfa565802d1a0bc7afae50bec&units=imperial&q=beringovskiy,ru"
Record 616 of 700 | kloulklubed,"http://api.openweathermap.org/data/2.5/weather?APPID=7000bf4dfa565802d1a0bc7afae50bec&units=imperial&q=kloulklubed,pw"
Record 617 of 700 | kahului,"http://api.openweathermap.org/data/2.5/weather?APPID=7000bf4dfa565802d1a0bc7afae50bec&units=imperial&q=kahului,us"
Record 618 of 700 | ushuaia,"http://api.openweathermap.org/data/2.5/weather?APPID=7000bf4dfa565802d1a0bc7afae50bec&units=imperial&q=ushuaia,ar"
Record 620 of 700 | sitka,"http://api.openweathermap.org/data/2.5/weather?APPID=7000bf4dfa565802d1a0bc7afae50bec&units=imperial&q=sitka,us"
Record 621 of 700 | nemuro,"http://api.openweathermap.org/data/2.5/weather?APPID=7000bf4dfa565802d1a0bc7afae50bec&units=imperial&q=nemuro,jp"
Record 622 of 700 | albany,"http://api.openweathermap.org/data/2.5/weather?APPID=7000bf4dfa565802d1a0bc7afae50bec&units=imperial&q=albany,au"
Record 623 of 700 | rikitea,"http://api.openweathermap.org/data/2.5/weather?APPID=7000bf4dfa565802d1a0bc7afae50bec&units=imperial&q=rikitea,pf"
Record 625 of 700 | padang,"http://api.openweathermap.org/data/2.5/weather?APPID=7000bf4dfa565802d1a0bc7afae50bec&units=imperial&q=padang,id"
Record 626 of 700 | macamic,"http://api.openweathermap.org/data/2.5/weather?APPID=7000bf4dfa565802d1a0bc7afae50bec&units=imperial&q=macamic,ca"
Record 627 of 700 | lagoa,"http://api.openweathermap.org/data/2.5/weather?APPID=7000bf4dfa565802d1a0bc7afae50bec&units=imperial&q=lagoa,pt"
Record 628 of 700 | vostok,"http://api.openweathermap.org/data/2.5/weather?APPID=7000bf4dfa565802d1a0bc7afae50bec&units=imperial&q=vostok,ru"
Record 629 of 700 | rio grande,"http://api.openweathermap.org/data/2.5/weather?APPID=7000bf4dfa565802d1a0bc7afae50bec&units=imperial&q=rio grande,br"
Record 630 of 700 | hithadhoo,"http://api.openweathermap.org/data/2.5/weather?APPID=7000bf4dfa565802d1a0bc7afae50bec&units=imperial&q=hithadhoo,mv"
Record 632 of 700 | gasa,"http://api.openweathermap.org/data/2.5/weather?APPID=7000bf4dfa565802d1a0bc7afae50bec&units=imperial&q=gasa,bt"
Record 633 of 700 | hobart,"http://api.openweathermap.org/data/2.5/weather?APPID=7000bf4dfa565802d1a0bc7afae50bec&units=imperial&q=hobart,au"
Record 634 of 700 | kiunga,"http://api.openweathermap.org/data/2.5/weather?APPID=7000bf4dfa565802d1a0bc7afae50bec&units=imperial&q=kiunga,pg"
Record 635 of 700 | bredasdorp,"http://api.openweathermap.org/data/2.5/weather?APPID=7000bf4dfa565802d1a0bc7afae50bec&units=imperial&q=bredasdorp,za"
Record 636 of 700 | mollendo,"http://api.openweathermap.org/data/2.5/weather?APPID=7000bf4dfa565802d1a0bc7afae50bec&units=imperial&q=mollendo,pe"
Record 637 of 700 | punta arenas,"http://api.openweathermap.org/data/2.5/weather?APPID=7000bf4dfa565802d1a0bc7afae50bec&units=imperial&q=punta arenas,cl"
Record 638 of 700 | neuquen,"http://api.openweathermap.org/data/2.5/weather?APPID=7000bf4dfa565802d1a0bc7afae50bec&units=imperial&q=neuquen,ar"
Record 639 of 700 | khatanga,"http://api.openweathermap.org/data/2.5/weather?APPID=7000bf4dfa565802d1a0bc7afae50bec&units=imperial&q=khatanga,ru"
Record 640 of 700 | saint george,"http://api.openweathermap.org/data/2.5/weather?APPID=7000bf4dfa565802d1a0bc7afae50bec&units=imperial&q=saint george,bm"
Record 642 of 700 | longyearbyen,"http://api.openweathermap.org/data/2.5/weather?APPID=7000bf4dfa565802d1a0bc7afae50bec&units=imperial&q=longyearbyen,sj"
Record 643 of 700 | butaritari,"http://api.openweathermap.org/data/2.5/weather?APPID=7000bf4dfa565802d1a0bc7afae50bec&units=imperial&q=butaritari,ki"
Record 644 of 700 | alyangula,"http://api.openweathermap.org/data/2.5/weather?APPID=7000bf4dfa565802d1a0bc7afae50bec&units=imperial&q=alyangula,au"
Record 645 of 700 | serebryansk,"http://api.openweathermap.org/data/2.5/weather?APPID=7000bf4dfa565802d1a0bc7afae50bec&units=imperial&q=serebryansk,kz"
Record 646 of 700 | whitehorse,"http://api.openweathermap.org/data/2.5/weather?APPID=7000bf4dfa565802d1a0bc7afae50bec&units=imperial&q=whitehorse,ca"
Record 648 of 700 | saint-philippe,"http://api.openweathermap.org/data/2.5/weather?APPID=7000bf4dfa565802d1a0bc7afae50bec&units=imperial&q=saint-philippe,re"
Record 649 of 700 | malanje,"http://api.openweathermap.org/data/2.5/weather?APPID=7000bf4dfa565802d1a0bc7afae50bec&units=imperial&q=malanje,ao"
Record 651 of 700 | adrar,"http://api.openweathermap.org/data/2.5/weather?APPID=7000bf4dfa565802d1a0bc7afae50bec&units=imperial&q=adrar,dz"
Record 652 of 700 | jamestown,"http://api.openweathermap.org/data/2.5/weather?APPID=7000bf4dfa565802d1a0bc7afae50bec&units=imperial&q=jamestown,sh"
Record 653 of 700 | ushuaia,"http://api.openweathermap.org/data/2.5/weather?APPID=7000bf4dfa565802d1a0bc7afae50bec&units=imperial&q=ushuaia,ar"
Record 654 of 700 | hobart,"http://api.openweathermap.org/data/2.5/weather?APPID=7000bf4dfa565802d1a0bc7afae50bec&units=imperial&q=hobart,au"
Record 655 of 700 | mugur-aksy,"http://api.openweathermap.org/data/2.5/weather?APPID=7000bf4dfa565802d1a0bc7afae50bec&units=imperial&q=mugur-aksy,ru"
Record 656 of 700 | carnarvon,"http://api.openweathermap.org/data/2.5/weather?APPID=7000bf4dfa565802d1a0bc7afae50bec&units=imperial&q=carnarvon,au"
Record 657 of 700 | cascais,"http://api.openweathermap.org/data/2.5/weather?APPID=7000bf4dfa565802d1a0bc7afae50bec&units=imperial&q=cascais,pt"
Record 658 of 700 | puerto ayora,"http://api.openweathermap.org/data/2.5/weather?APPID=7000bf4dfa565802d1a0bc7afae50bec&units=imperial&q=puerto ayora,ec"
Record 659 of 700 | butaritari,"http://api.openweathermap.org/data/2.5/weather?APPID=7000bf4dfa565802d1a0bc7afae50bec&units=imperial&q=butaritari,ki"
Record 660 of 700 | senador jose porfirio,"http://api.openweathermap.org/data/2.5/weather?APPID=7000bf4dfa565802d1a0bc7afae50bec&units=imperial&q=senador jose porfirio,br"
Record 661 of 700 | avarua,"http://api.openweathermap.org/data/2.5/weather?APPID=7000bf4dfa565802d1a0bc7afae50bec&units=imperial&q=avarua,ck"
Record 662 of 700 | puerto ayora,"http://api.openweathermap.org/data/2.5/weather?APPID=7000bf4dfa565802d1a0bc7afae50bec&units=imperial&q=puerto ayora,ec"
Record 663 of 700 | chamba,"http://api.openweathermap.org/data/2.5/weather?APPID=7000bf4dfa565802d1a0bc7afae50bec&units=imperial&q=chamba,in"
Record 664 of 700 | guerrero negro,"http://api.openweathermap.org/data/2.5/weather?APPID=7000bf4dfa565802d1a0bc7afae50bec&units=imperial&q=guerrero negro,mx"
Record 666 of 700 | hambantota,"http://api.openweathermap.org/data/2.5/weather?APPID=7000bf4dfa565802d1a0bc7afae50bec&units=imperial&q=hambantota,lk"
Record 667 of 700 | mandera,"http://api.openweathermap.org/data/2.5/weather?APPID=7000bf4dfa565802d1a0bc7afae50bec&units=imperial&q=mandera,ke"
Record 668 of 700 | reconquista,"http://api.openweathermap.org/data/2.5/weather?APPID=7000bf4dfa565802d1a0bc7afae50bec&units=imperial&q=reconquista,ar"
Record 669 of 700 | kapaa,"http://api.openweathermap.org/data/2.5/weather?APPID=7000bf4dfa565802d1a0bc7afae50bec&units=imperial&q=kapaa,us"
Record 670 of 700 | kostelec nad orlici,"http://api.openweathermap.org/data/2.5/weather?APPID=7000bf4dfa565802d1a0bc7afae50bec&units=imperial&q=kostelec nad orlici,cz"
Record 671 of 700 | new norfolk,"http://api.openweathermap.org/data/2.5/weather?APPID=7000bf4dfa565802d1a0bc7afae50bec&units=imperial&q=new norfolk,au"
Record 672 of 700 | ilulissat,"http://api.openweathermap.org/data/2.5/weather?APPID=7000bf4dfa565802d1a0bc7afae50bec&units=imperial&q=ilulissat,gl"
Record 673 of 700 | new norfolk,"http://api.openweathermap.org/data/2.5/weather?APPID=7000bf4dfa565802d1a0bc7afae50bec&units=imperial&q=new norfolk,au"
Record 674 of 700 | jacqueville,"http://api.openweathermap.org/data/2.5/weather?APPID=7000bf4dfa565802d1a0bc7afae50bec&units=imperial&q=jacqueville,ci"
Record 676 of 700 | albany,"http://api.openweathermap.org/data/2.5/weather?APPID=7000bf4dfa565802d1a0bc7afae50bec&units=imperial&q=albany,au"
Record 678 of 700 | sergeyevka,"http://api.openweathermap.org/data/2.5/weather?APPID=7000bf4dfa565802d1a0bc7afae50bec&units=imperial&q=sergeyevka,kz"
Record 679 of 700 | bonavista,"http://api.openweathermap.org/data/2.5/weather?APPID=7000bf4dfa565802d1a0bc7afae50bec&units=imperial&q=bonavista,ca"
Record 680 of 700 | muros,"http://api.openweathermap.org/data/2.5/weather?APPID=7000bf4dfa565802d1a0bc7afae50bec&units=imperial&q=muros,es"
Record 681 of 700 | ilulissat,"http://api.openweathermap.org/data/2.5/weather?APPID=7000bf4dfa565802d1a0bc7afae50bec&units=imperial&q=ilulissat,gl"
Record 682 of 700 | aswan,"http://api.openweathermap.org/data/2.5/weather?APPID=7000bf4dfa565802d1a0bc7afae50bec&units=imperial&q=aswan,eg"
Record 683 of 700 | geraldton,"http://api.openweathermap.org/data/2.5/weather?APPID=7000bf4dfa565802d1a0bc7afae50bec&units=imperial&q=geraldton,au"
Record 684 of 700 | busselton,"http://api.openweathermap.org/data/2.5/weather?APPID=7000bf4dfa565802d1a0bc7afae50bec&units=imperial&q=busselton,au"
Record 685 of 700 | butaritari,"http://api.openweathermap.org/data/2.5/weather?APPID=7000bf4dfa565802d1a0bc7afae50bec&units=imperial&q=butaritari,ki"
Record 686 of 700 | cape town,"http://api.openweathermap.org/data/2.5/weather?APPID=7000bf4dfa565802d1a0bc7afae50bec&units=imperial&q=cape town,za"
Record 687 of 700 | hilo,"http://api.openweathermap.org/data/2.5/weather?APPID=7000bf4dfa565802d1a0bc7afae50bec&units=imperial&q=hilo,us"
Record 688 of 700 | albany,"http://api.openweathermap.org/data/2.5/weather?APPID=7000bf4dfa565802d1a0bc7afae50bec&units=imperial&q=albany,au"
Record 689 of 700 | rikitea,"http://api.openweathermap.org/data/2.5/weather?APPID=7000bf4dfa565802d1a0bc7afae50bec&units=imperial&q=rikitea,pf"
Record 690 of 700 | kodiak,"http://api.openweathermap.org/data/2.5/weather?APPID=7000bf4dfa565802d1a0bc7afae50bec&units=imperial&q=kodiak,us"
Record 691 of 700 | muncar,"http://api.openweathermap.org/data/2.5/weather?APPID=7000bf4dfa565802d1a0bc7afae50bec&units=imperial&q=muncar,id"
Record 692 of 700 | guiratinga,"http://api.openweathermap.org/data/2.5/weather?APPID=7000bf4dfa565802d1a0bc7afae50bec&units=imperial&q=guiratinga,br"
Record 693 of 700 | vaini,"http://api.openweathermap.org/data/2.5/weather?APPID=7000bf4dfa565802d1a0bc7afae50bec&units=imperial&q=vaini,to"
Record 694 of 700 | kruisfontein,"http://api.openweathermap.org/data/2.5/weather?APPID=7000bf4dfa565802d1a0bc7afae50bec&units=imperial&q=kruisfontein,za"
Record 695 of 700 | olinda,"http://api.openweathermap.org/data/2.5/weather?APPID=7000bf4dfa565802d1a0bc7afae50bec&units=imperial&q=olinda,br"
Record 696 of 700 | matara,"http://api.openweathermap.org/data/2.5/weather?APPID=7000bf4dfa565802d1a0bc7afae50bec&units=imperial&q=matara,lk"
Record 697 of 700 | bluff,"http://api.openweathermap.org/data/2.5/weather?APPID=7000bf4dfa565802d1a0bc7afae50bec&units=imperial&q=bluff,nz"
Record 698 of 700 | rikitea,"http://api.openweathermap.org/data/2.5/weather?APPID=7000bf4dfa565802d1a0bc7afae50bec&units=imperial&q=rikitea,pf"
Record 699 of 700 | tasiilaq,"http://api.openweathermap.org/data/2.5/weather?APPID=7000bf4dfa565802d1a0bc7afae50bec&units=imperial&q=tasiilaq,gl"
Record 700 of 700 | puerto ayora,"http://api.openweathermap.org/data/2.5/weather?APPID=7000bf4dfa565802d1a0bc7afae50bec&units=imperial&q=puerto ayora,ec"
